,,,,,,,,,,,,,,,
,,,,,,,,,,,,,,,
,,,,,,,,,,,,,,,
,,,,,,,,,,,,,,,
,,,,,,,,,,"Menor distancia absoluta entre a cidade teste e a cidade da contratacao, que precisa ser menor do que a distancia atual (d) entre a cidade da contratacao (g) e a cidade do primeiro lugar do rodizio (h), ",,,,,
,,,,,,,,,,"se essa menor distancia absoluta for igual ou menor a 49k, esse contrato tem peso 0,5 porque há alternancia com a cidade do primeiro lugar do rodizio atual (h) ",,,,,
,,,,,,,,,,,,,,,
,,,,,,,,,,"Quais cidades estao a menos de 48,49 (coluna d) de irará (coluna g)? quais delas correspondem como menor distancia que a atual em todas as linhas do produto ""mkt"" (coluna b) ?",,,,,
,,,,,,,,,,"Quais cidades estao a menos de 79 km (coluna d) de irará (coluna g)? quais delas correspondem como menor distancia que a atual em todas as linhas do produto ""mkt"" (coluna b) ?",,,,,
,,,,,,,,,,,,,,,
,,,,,,,,,,,,,sem risco é se o maior indicativo do google for menor que o possivel google para a cidade (considerando uma correção no sistema)  ,,
ID ,Sedes vinculadas ,Produto ,empresa do rodizio a menos de 49 km da cidade contratada? ,Distancia da primeira empresa do rodizio ,Segunda distância mais proxima,cep da Contratação ,cidade da contratação ,cidade do primeiro lugar do rodízio  (empresa fornecedora mais proxima) ,distancia google maps mais proxima do rodizio ,Cidades com empresas concorrentes  no produto da linha ,,,,,
1,1 Sede - Feira de Santana,FPI,não,"258,51","402,52",44.745-000,Mirangaba,Feira de Santana,255,"Salvador, Feira de Santana ","0,5",,,,
2,1 Sede - Feira de Santana,FPI,não,"89,73","846,76",47.850-005,Luis Eduardo Magalhaes,Feira de Santana,90; 92,"Salvador, Feira de Santana ","0,5",,,,
3,1 Sede - Feira de Santana,FPI,não,"439,67","460,4",44.990-000,Barra do Mendes,Feira de Santana,447; 414,"Salvador, Feira de Santana ","0,5",,,,
4,1 Sede - Feira de Santana,FPI,não,"330,96","663,05",47.600-000,Bom Jesus da Lapa,Feira de Santana,317; 331,"Salvador, Feira de Santana ","0,5",,,,
5,1 Sede - Feira de Santana,FPI,não,0,"757,55",47.800-398,Barreiras,Feira de Santana,0,"Salvador, Feira de Santana ","0,5",,,,
6,1 Sede - Feira de Santana,FPI,não,"339,95","456,48",44.920-000,João Dourado,Feira de Santana,340; 347,"Salvador, Feira de Santana ","0,5",,,,
7,1 Sede - Feira de Santana,FPI,não,"308,67","433,7",48.990-000,Andorinha,Feira de Santana,317; 317,"Salvador, Feira de Santana ","0,5",,,,
8,1 Sede - Feira de Santana,FPI,não,0,"757,55",47.800-398,Barreiras,Feira de Santana,0,"Salvador, Feira de Santana ","0,5",,,,
9,1 Sede - Feira de Santana,FPI,não,"223,57","342,59",44.700-000,Jacobina,Feira de Santana,226; 230,"Salvador, Feira de Santana ","0,5",,,,
10,1 Sede - Feira de Santana,FPI,não,"160,83","279,65",44.695-000,Capim Grosso,Feira de Santana,162; 174,"Salvador, Feira de Santana ","0,5",,,,
11,1 Sede - Feira de Santana,FPI,não,"115,11","193,89",44.430-072,Santo Antonio de Jesus,Feira de Santana,110; 109,"Salvador, Feira de Santana ","0,5",,,,
12,1 Sede - Feira de Santana,FPI,não,"203,96","304,61",45.330-000,Cravolandia,Feira de Santana,203;212,"Salvador, Feira de Santana ","0,5",,,,
13,1 Sede - Feira de Santana,FPI,não,"330,96","663,05",47.600-000,Bom Jesus da Lapa,Feira de Santana,317; 331,"Salvador, Feira de Santana ","0,5",,,,
14,1 Sede - Feira de Santana,FPI,não,"294,38","441,03",44.690-000,Varzea Nova,Feira de Santana,289; 296,"Salvador, Feira de Santana ","0,5",,,,
15,1 Sede - Feira de Santana,FPI,sim,0,"117,12",44.051-335,Feira de Santana,Feira de Santana,0,"Salvador, Feira de Santana ","0,5",,,,
16,1 Sede - Feira de Santana,FPI,não,"253,24","386,26",44.720-000,Miguel Calmon,Feira de Santana,246; 255,"Salvador, Feira de Santana ","0,5",,,,
17,1 Sede - Feira de Santana,FPI,não,"110,53","189,51",44.500-000,Castro Alves,Feira de Santana,97; 109,"Salvador, Feira de Santana ","0,5",,,,
18,1 Sede - Feira de Santana,FPI,não,"125,3","156,35",44.400-000,Nazaré,Feira de Santana,138; 118,"Salvador, Feira de Santana ","0,5",,,,
19,1 Sede - Feira de Santana,FPI,não,"179,38",298,44.713-000,Quixabeira,Feira de Santana,181; 181,"Salvador, Feira de Santana ","0,5",,,,
20,1 Sede - Feira de Santana,FPI,não,297,"380,76",45.550-000,Ubatã,Feira de Santana,296; 256,"Salvador, Feira de Santana ","0,5",,,,
21,1 Sede - Feira de Santana,FPI,não,"128,84 (empate)","197,1",45.400-000,Valença,Salvador,123; 141,"Salvador, Feira de Santana ",,,,,
22,1 Sede - Feira de Santana,FPI,não,"288,6","404,52",45.240-000,Manoel Vitorino ,Feira de Santana,288; 363,"Salvador, Feira de Santana ","0,5",,,,
23,1 Sede - Feira de Santana,FPI,sim,0 (empate),"116,77",40.024-082,Salvador,Salvador,0,"Salvador, Feira de Santana ",,,,,
24,1 Sede - Feira de Santana,FPI,sim,0 (empate),"116,77",41.760-000,Salvador,Salvador,0,"Salvador, Feira de Santana ",,,,,
25,1 Sede - Feira de Santana,FPI,não,"76,08","152,17",44.380-000,Cruz das Almas,Feira de Santana,67; 71,"Salvador, Feira de Santana ","0,5",,,,
26,1 Sede - Feira de Santana,FPI,não,0 (empate),"116,77",41.760-000,Salvador,Salvador,0,"Salvador, Feira de Santana ",,,,,
27,1 Sede - Feira de Santana,FPI,não,"155,93","242,79",45.300-000,Amargosa,Feira de Santana,156; 160,"Salvador, Feira de Santana ","0,5","12° 38' 30.8684"" S 39° 40' 28.708"" W",,,
28,1 Sede - Feira de Santana,FPI,não,"115,11","193,89",44.572-060,Santo Antonio de Jesus,Feira de Santana,110; 109,"Salvador, Feira de Santana ","0,5",,,,
29,1 Sede - Feira de Santana,FPI,não,"191,74","277,92",45.310-970,Ubaíra,Feira de Santana,185; 193,"Salvador, Feira de Santana ","0,5",,,,
30,1 Sede - Feira de Santana,FPI,não,"228,15 empate","287,01",45.520-000,Maraú,Salvador,251; 222,"Salvador, Feira de Santana ",,,,,
31,1 Sede - Feira de Santana,FPI,não,"189,07","288,78",48.400-000,Ribeira do Pombal,Feira de Santana,184;189,"Salvador, Feira de Santana ","0,5",,,,
32,1 Sede - Feira de Santana,FPI,não,"160,86","279,65",44.695-000,Capim Grosso,Feira de Santana,162; 174,"Salvador, Feira de Santana ","0,5",,,,
33,1 Sede - Feira de Santana,FPE,não,"264,86","378,01",44.770-000,Pindobaçu,Feira de Santana,271; 273,"Feira de Santana, Lauro de Freitas, Salvador, Gandu, Itabuna, Vitória da Conquista",1,,,,
34,1 Sede - Feira de Santana,FPE,não,"223,57","336,41",44.700-000,Jacobina,Feira de Santana,226; 230,"Feira de Santana, Lauro de Freitas, Salvador, Gandu, Itabuna, Vitória da Conquista",1,,,,
35,1 Sede - Feira de Santana,FPE,sim,"39,57","152,68",44.670-049,Anguera,Feira de Santana,39; 40,"Feira de Santana, Lauro de Freitas, Salvador, Gandu, Itabuna, Vitória da Conquista",1,,,,
36,1 Sede - Feira de Santana,FPE,não,"682,65","757,55",47.800-970,Barreiras,Vitoria da Conquista,690; 695,"Feira de Santana, Lauro de Freitas, Salvador, Gandu, Itabuna, Vitória da Conquista",,,,,
37,1 Sede - Feira de Santana,FPE,não,74,"86,27",44.200-000,Santo Amaro ,Feira de Santana,51; 74,"Feira de Santana, Lauro de Freitas, Salvador, Gandu, Itabuna, Vitória da Conquista",1,,,,
38,1 Sede - Feira de Santana,FPE,sim,"40,74","153,9",44.160-000,Tanquinho ,Feira de Santana,41; 45,"Feira de Santana, Lauro de Freitas, Salvador, Gandu, Itabuna, Vitória da Conquista",1,,,,
39,1 Sede - Feira de Santana,FPE,não,"72,93","186,1",48.725-000,ICHU,Feira de Santana,71; 72,"Feira de Santana, Lauro de Freitas, Salvador, Gandu, Itabuna, Vitória da Conquista",1,,,,
40,1 Sede - Feira de Santana,FPE,não,"124,25","151,64",48.490-000,Inhambupe,Feira de Santana,124; 126,"Feira de Santana, Lauro de Freitas, Salvador, Gandu, Itabuna, Vitória da Conquista",1,,,,
41,1 Sede - Feira de Santana,FPE,sim,0,"135,24",45.600-185,Itabuna,Itabuna,0,"Feira de Santana, Lauro de Freitas, Salvador, Gandu, Itabuna, Vitória da Conquista",,,,,
42,1 Sede - Feira de Santana,FPE,não,"404,87",518,44.970-000,Ibipeba,Feira de Santana,404; 427,"Feira de Santana, Lauro de Freitas, Salvador, Gandu, Itabuna, Vitória da Conquista",1,,,,
43,1 Sede - Feira de Santana,FPE,não,"364,3",577,44.900-000,Irecê,Feira de Santana,363; 361,"Feira de Santana, Lauro de Freitas, Salvador, Gandu, Itabuna, Vitória da Conquista",1,,,,
44,1 Sede - Feira de Santana,FPE,sim,"35,95","149,08",44.125-000,Jaguara,Feira de Santana,35; cep m retornou,"Feira de Santana, Lauro de Freitas, Salvador, Gandu, Itabuna, Vitória da Conquista",1,,,,
45,1 Sede - Feira de Santana,FPE,sim,"15,9","129,06",44.118-000,Matinha,Feira de Santana,16; cep não retornou,"Feira de Santana, Lauro de Freitas, Salvador, Gandu, Itabuna, Vitória da Conquista",1,,,,
46,1 Sede - Feira de Santana,FPE,não,"111,5","115,11",44.572-060,Santo Antonio de Jesus ,Gandu ,106; 105,"Feira de Santana, Lauro de Freitas, Salvador, Gandu, Itabuna, Vitória da Conquista",,,,,
47,1 Sede - Feira de Santana,FPE,não,"393,27","483,26",44.960-000,Ibititá,Feira de Santana,392; 394,"Feira de Santana, Lauro de Freitas, Salvador, Gandu, Itabuna, Vitória da Conquista",1,,,,
48,1 Sede - Feira de Santana,FPE,não,"176,35","384,22",46.165-000,Dom Basilio ,Vitoria da Conquista,190; 177,"Feira de Santana, Lauro de Freitas, Salvador, Gandu, Itabuna, Vitória da Conquista",,,,,
49,1 Sede - Feira de Santana,FPE,não,"203,21","411,08",46.140-000,Livramento de Nossa Senhora,Vitoria da Conquista,204; 233,"Feira de Santana, Lauro de Freitas, Salvador, Gandu, Itabuna, Vitória da Conquista",,,,,
50,1 Sede - Feira de Santana,FPE,não,"174,3","381,78",46.127-000,Malhada de Pedras,Vitoria da Conquista,175; 163,"Feira de Santana, Lauro de Freitas, Salvador, Gandu, Itabuna, Vitória da Conquista",,,,,
51,1 Sede - Feira de Santana,FPE,não,"101,03","340,46",46.130-000,Aracatu ,Vitoria da Conquista,102; 114,"Feira de Santana, Lauro de Freitas, Salvador, Gandu, Itabuna, Vitória da Conquista",,,,,
52,1 Sede - Feira de Santana,FPE,não,"124,25","151,64",48.490-000,Inhambupe,Feira de Santana,124; 126,"Feira de Santana, Lauro de Freitas, Salvador, Gandu, Itabuna, Vitória da Conquista",1,,,,
53,1 Sede - Feira de Santana,FPE,não,"149,45","183,69",48.370-000,Esplanada,Feira de Santana,150; 169,"Feira de Santana, Lauro de Freitas, Salvador, Gandu, Itabuna, Vitória da Conquista",1,,,,
54,1 Sede - Feira de Santana,FPE,não,"201,37","438,53",46.300-000,Caculé,Vitoria da Conquista,204; 211,"Feira de Santana, Lauro de Freitas, Salvador, Gandu, Itabuna, Vitória da Conquista",,,,,
55,1 Sede - Feira de Santana,FPE,não,"235,56",443,46.400-000,Caetité,Vitoria da Conquista,235; 245,"Feira de Santana, Lauro de Freitas, Salvador, Gandu, Itabuna, Vitória da Conquista",,,,,
56,1 Sede - Feira de Santana,FPE,não,"242,86","480,61",46.350-000,Urandi ,Vitoria da Conquista,244; 246,"Feira de Santana, Lauro de Freitas, Salvador, Gandu, Itabuna, Vitória da Conquista",,,,,
57,1 Sede - Feira de Santana,FPE,não,"98,45","212,81",45.345-000,Jaguaquara ,Vitoria da Conquista,202; 208,"Feira de Santana, Lauro de Freitas, Salvador, Gandu, Itabuna, Vitória da Conquista",,,,,
58,1 Sede - Feira de Santana,FPE,não,"942,02","1.012,18",47.990-000,Formosa do Rio Preto ,Vitoria da Conquista,838; 954,"Feira de Santana, Lauro de Freitas, Salvador, Gandu, Itabuna, Vitória da Conquista",,,,,
59,1 Sede - Feira de Santana,FPE,não,"732,63","772,69",47.160-000,Mansidão ,Feira de Santana,704; cep não retornou,"Feira de Santana, Lauro de Freitas, Salvador, Gandu, Itabuna, Vitória da Conquista",1,,,,
60,1 Sede - Feira de Santana,FPE,não,"500,71","715,64",47.680-000,Cocos,Vitoria da Conquista,476; 478,"Feira de Santana, Lauro de Freitas, Salvador, Gandu, Itabuna, Vitória da Conquista",,,,,
61,1 Sede - Feira de Santana,FPE,não,473,"680,83",47.665-000,Sao Felix do Coribe ,Vitoria da Conquista,463; 474,"Feira de Santana, Lauro de Freitas, Salvador, Gandu, Itabuna, Vitória da Conquista",,,,,
62,1 Sede - Feira de Santana,FPE,não,"560,02","658,64",47.100-000,Barra,Feira de Santana,559; 559,"Feira de Santana, Lauro de Freitas, Salvador, Gandu, Itabuna, Vitória da Conquista",1,,,,
63,1 Sede - Feira de Santana,FPE,não,"465,81","722,83",47.640-000,Santa Maria da Vitória ,Vitoria da Conquista,466; 519,"Feira de Santana, Lauro de Freitas, Salvador, Gandu, Itabuna, Vitória da Conquista",,,,,
64,1 Sede - Feira de Santana,FPE,não,"718,01","849,24",47.820-000,Sao Desidério ,Vitoria da Conquista,655; 727,"Feira de Santana, Lauro de Freitas, Salvador, Gandu, Itabuna, Vitória da Conquista",,,,,
65,1 Sede - Feira de Santana,FPE,não,"418,38","626,22",47.630-000,Serra do Ramalho ,Vitoria da Conquista,419; 428,"Feira de Santana, Lauro de Freitas, Salvador, Gandu, Itabuna, Vitória da Conquista",,,,,
66,1 Sede - Feira de Santana,FPE,não,377,"584,83",47.600-000,Bom Jesus da Lapa ,Vitoria da Conquista,377; 379,"Feira de Santana, Lauro de Freitas, Salvador, Gandu, Itabuna, Vitória da Conquista",,,,,
67,1 Sede - Feira de Santana,FPE,não,"494,58","548,65",47.520-000,Ibotirama ,Vitoria da Conquista,495; 495,"Feira de Santana, Lauro de Freitas, Salvador, Gandu, Itabuna, Vitória da Conquista",,,,,
68,1 Sede - Feira de Santana,FPE,não,"514,04","684,98",47.740-970,Serra Dourada,Vitoria da Conquista,476; 474,"Feira de Santana, Lauro de Freitas, Salvador, Gandu, Itabuna, Vitória da Conquista",,,,,
69,1 Sede - Feira de Santana,FPE,não,477,"487,41",47.560-000,Brotas de Macaubas,Vitoria da Conquista,488; 478,"Feira de Santana, Lauro de Freitas, Salvador, Gandu, Itabuna, Vitória da Conquista",,,,,
70,1 Sede - Feira de Santana,FPE,não,"518,22","572,29",47.580-000,Morpará,Vitoria da Conquista,536; 519,"Feira de Santana, Lauro de Freitas, Salvador, Gandu, Itabuna, Vitória da Conquista",,,,,
71,1 Sede - Feira de Santana,FPE,não,"476,89","684,73",47.700-000,Santana,Vitoria da Conquista,476; 466,"Feira de Santana, Lauro de Freitas, Salvador, Gandu, Itabuna, Vitória da Conquista",,,,,
72,1 Sede - Feira de Santana,FPE,não,"296,84","504,67",46.490-000,Igaporã,Vitoria da Conquista,281; 270,"Feira de Santana, Lauro de Freitas, Salvador, Gandu, Itabuna, Vitória da Conquista",,,,,
73,1 Sede - Feira de Santana,FPE,não,"79,93",317,45.170-000,Tremedal,Vitoria da Conquista,83; 95,"Feira de Santana, Lauro de Freitas, Salvador, Gandu, Itabuna, Vitória da Conquista",,,,,
74,1 Sede - Feira de Santana,FPE,não,"72,79","289,73",45.157-000,Candido Sales,Vitoria da Conquista,86; 73,"Feira de Santana, Lauro de Freitas, Salvador, Gandu, Itabuna, Vitória da Conquista",,,,,
75,1 Sede - Feira de Santana,FPE,não,"84,09","229,53",45.155-000,Ribeirão do Largo,Vitoria da Conquista,103; 85,"Feira de Santana, Lauro de Freitas, Salvador, Gandu, Itabuna, Vitória da Conquista",,,,,
76,1 Sede - Feira de Santana,FPE,sim,"36,51","221,89",45.120-000,Barra do Choça,Vitoria da Conquista,30; 30,"Feira de Santana, Lauro de Freitas, Salvador, Gandu, Itabuna, Vitória da Conquista",,,,,
77,1 Sede - Feira de Santana,FPE,sim,"48,42","120,49",45.580-000,Ibirataia,Gandu,48; 41,"Feira de Santana, Lauro de Freitas, Salvador, Gandu, Itabuna, Vitória da Conquista",,,,,
78,1 Sede - Feira de Santana,FPE,sim,"48,42","120,49",45.580-000,Ibirataia,Gandu,48; 41,"Feira de Santana, Lauro de Freitas, Salvador, Gandu, Itabuna, Vitória da Conquista",,,,,
79,1 Sede - Feira de Santana,FPE,não,"69,59","206,85",45.690-000,UNA,Itabuna,93; 69,"Feira de Santana, Lauro de Freitas, Salvador, Gandu, Itabuna, Vitória da Conquista",,,,,
80,1 Sede - Feira de Santana,FPE,não,"317,07","524,96",46.460-000,PALMAS DE MONTE ALTO,Vitoria da Conquista,318; 333,"Feira de Santana, Lauro de Freitas, Salvador, Gandu, Itabuna, Vitória da Conquista",,,,,
81,1 Sede - Feira de Santana,FPE,não,"385,82","593,72",46.445-000,CARINHANHA,Vitoria da Conquista,386; 431,"Feira de Santana, Lauro de Freitas, Salvador, Gandu, Itabuna, Vitória da Conquista",,,,,
82,1 Sede - Feira de Santana,FPE,não,74,"86,27",44.200-000,Santo Amaro,Feira de Santana,51; 74,"Feira de Santana, Lauro de Freitas, Salvador, Gandu, Itabuna, Vitória da Conquista",1,,,,
83,1 Sede - Feira de Santana,FPE,não,"111,18","224,02",44.655-000,PÉ DE SERRA,Feira de Santana,105; 111,"Feira de Santana, Lauro de Freitas, Salvador, Gandu, Itabuna, Vitória da Conquista",1,,,,
84,1 Sede - Feira de Santana,FPE,sim,0,"136,2",45.450-000,Gandu,Gandu,0,"Feira de Santana, Lauro de Freitas, Salvador, Gandu, Itabuna, Vitória da Conquista",,,,,
85,1 Sede - Feira de Santana,FPE,não,"66,65","86,76",44.480-000,Jaguaripe,Salvador,102;67,"Feira de Santana, Lauro de Freitas, Salvador, Gandu, Itabuna, Vitória da Conquista",,,,,
86,1 Sede - Feira de Santana,FPE,não,"200,94","205,12",45.780-000,ITARANTIM,Itabuna,200; 204,"Feira de Santana, Lauro de Freitas, Salvador, Gandu, Itabuna, Vitória da Conquista",,,,,
87,1 Sede - Feira de Santana,FPE,não,"82,09","188,79",45.130-000,CAATIBA,Vitoria da Conquista,67; 75,"Feira de Santana, Lauro de Freitas, Salvador, Gandu, Itabuna, Vitória da Conquista",,,,,
88,1 Sede - Feira de Santana,FPE,não,"160,86","273,7",44.695-000,Capim Grosso,Feira de Santana,162; 174,"Feira de Santana, Lauro de Freitas, Salvador, Gandu, Itabuna, Vitória da Conquista",1,,,,
89,1 Sede - Feira de Santana,FPE,não,"172,78","196,78",46.860-000,Iaçu,Feira de Santana,164; 174,"Feira de Santana, Lauro de Freitas, Salvador, Gandu, Itabuna, Vitória da Conquista",1,,,,
90,1 Sede - Feira de Santana,FPE,não,"610,76","825,71",47.655-000,Jaborandi,Vitória da Conquista,510; cep n retornou,"Feira de Santana, Lauro de Freitas, Salvador, Gandu, Itabuna, Vitória da Conquista",,,,,
91,1 Sede - Feira de Santana,FPE,não,"385,82","593,72",46.445-000,CARINHANHA,Vitória da Conquista,386; 431,"Feira de Santana, Lauro de Freitas, Salvador, Gandu, Itabuna, Vitória da Conquista",,,,,
92,1 Sede - Feira de Santana,FPE,sim,"30,97","152,98",45.652-130,Ilhéus,Itabuna,32; 32,"Feira de Santana, Lauro de Freitas, Salvador, Gandu, Itabuna, Vitória da Conquista",,,,,
93,1 Sede - Feira de Santana,FPE,não,"91,41","142,93",45.585-000,Itagibá,Gandu,88; 88,"Feira de Santana, Lauro de Freitas, Salvador, Gandu, Itabuna, Vitória da Conquista",,,,,
94,1 Sede - Feira de Santana,FPE,sim,"30,97","152,98",45.652-130,Ilhéus,Itabuna,32; 32,"Feira de Santana, Lauro de Freitas, Salvador, Gandu, Itabuna, Vitória da Conquista",,,,,
95,1 Sede - Feira de Santana,FPE,sim,0,"240,23",45.020-505,Vitória da Conquista,Vitória da Conquista,0,"Feira de Santana, Lauro de Freitas, Salvador, Gandu, Itabuna, Vitória da Conquista",,,,,
96,1 Sede - Feira de Santana,FPE,não,"267,26","380,08",48.970-000,Senhor do Bonfim,Feira de Santana,268; 275,"Feira de Santana, Lauro de Freitas, Salvador, Gandu, Itabuna, Vitória da Conquista",1,,,,
97,1 Sede - Feira de Santana,FPE,não,"203,21","411,08",46.140-000,Livramento de Nossa Senhora,Vitoria da Conquista ,204; 233,"Feira de Santana, Lauro de Freitas, Salvador, Gandu, Itabuna, Vitória da Conquista",,,,,
98,1 Sede - Feira de Santana,FPE,não,"223,57","336,41",44.700-000,Jacobina,Feira de Santana,226; 230,"Feira de Santana, Lauro de Freitas, Salvador, Gandu, Itabuna, Vitória da Conquista",1,,,,
99,1 Sede - Feira de Santana,FPE,não,"238,56","243,8",46.770-000,Iramaia,Vitoria da Conquista ,239; 215,"Feira de Santana, Lauro de Freitas, Salvador, Gandu, Itabuna, Vitória da Conquista",,,,,
100,1 Sede - Feira de Santana,FPE,não,"248,74","361,87",48.800-000,Monte Santo,Feira de Santana,248; 277,"Feira de Santana, Lauro de Freitas, Salvador, Gandu, Itabuna, Vitória da Conquista",1,,,,
101,1 Sede - Feira de Santana,FPE,sim,"33,42","146,65",44.180-000,Antonio Cardoso,Feira de Santana,33; 28,"Feira de Santana, Lauro de Freitas, Salvador, Gandu, Itabuna, Vitória da Conquista",1,,,,
102,1 Sede - Feira de Santana,FPE,não,74,"86,27",44.200-000,Santo Amaro,Feira de Santana,51; 74,"Feira de Santana, Lauro de Freitas, Salvador, Gandu, Itabuna, Vitória da Conquista",1,,,,
103,1 Sede - Feira de Santana,FPE,não,"110,62","130,07",45.710-000,Itororó,Itabuna,109; 106,"Feira de Santana, Lauro de Freitas, Salvador, Gandu, Itabuna, Vitória da Conquista",,,,,
104,1 Sede - Feira de Santana,FPE,não,"335,3","377,91",46.900-000,Seabra,Vitoria da Conquista ,363; 336,"Feira de Santana, Lauro de Freitas, Salvador, Gandu, Itabuna, Vitória da Conquista",,,,,
105,1 Sede - Feira de Santana,FPE,não,"238,56","243,8",46.770-000,Iramaia,Vitoria da Conquista ,239; 215,"Feira de Santana, Lauro de Freitas, Salvador, Gandu, Itabuna, Vitória da Conquista",,,,,
106,1 Sede - Feira de Santana,FPE,não,"770,97","846,73",47.850-007,Luis Eduardo Magalhães,Vitoria da Conquista ,781; cep n retornou,"Feira de Santana, Lauro de Freitas, Salvador, Gandu, Itabuna, Vitória da Conquista",,,,,
107,1 Sede - Feira de Santana,FPE,não,"111,5","115,11",44.430-072,Santo Antonio de Jesus,Gandu,106; 104,"Feira de Santana, Lauro de Freitas, Salvador, Gandu, Itabuna, Vitória da Conquista",,"https://www.google.com/maps/dir/Gandu,+BA,+45450-000/Aiquara,+BA,+45220-000/@-13.982955,-40.0174548,10z/data=!3m1!4b1!4m14!4m13!1m5!1m1!1s0x73f19f09245b73d:0xf09c44f37fbfdb50!2m2!1d-39.4861642!2d-13.7453289!1m5!1m1!1s0x738ac289ace653d:0xe502843237f3981!2m2!1d-39.888238!2d-14.1290894!3e0?entry=ttu&g_ep=EgoyMDI2MDIyNC4wIKXMDSoASAFQAw%3D%3D",,,
108,1 Sede - Feira de Santana,FPE,não,"94,37","149,65",45.220-000,AIQUARA,Gandu,94; 90,"Feira de Santana, Lauro de Freitas, Salvador, Gandu, Itabuna, Vitória da Conquista",,,,,
109,1 Sede - Feira de Santana,FPE,não,"69,59","208,65",45.690-000,UNA,Itabuna,93; 69,"Feira de Santana, Lauro de Freitas, Salvador, Gandu, Itabuna, Vitória da Conquista",,,,,
110,1 Sede - Feira de Santana,FPE,não,"122,73","164,23",45.325-000,Brejões,Gandu,167; 122,"Feira de Santana, Lauro de Freitas, Salvador, Gandu, Itabuna, Vitória da Conquista",,,,,
111,1 Sede - Feira de Santana,FPE,não,"364,3","477,58",44.900-000,Irecê,Feira de Santana,363; 361,"Feira de Santana, Lauro de Freitas, Salvador, Gandu, Itabuna, Vitória da Conquista",1,,,,
112,1 Sede - Feira de Santana,FPE,não,"364,64","466,83",48.601-295,Paulo Afonso,Feira de Santana,366; 364,"Feira de Santana, Lauro de Freitas, Salvador, Gandu, Itabuna, Vitória da Conquista",1,,,,
113,2 sedes - Feira de Santana e Catolandia ,FPM,não ,"646,24 (empate FP) ","704,59",45.840-000,Guaratinga,Feira de Santana,618- 636-647,"Feira de Santana, Salvador,  Catolândia","0,5",0,"sao goncalo dos campos, amelia rodrigues, santo estevao ",,
114,2 sedes - Feira de Santana e Catolandia ,FPM,não ,"534,22  (empate FP) ","612,43",45.850-000,Itagimirim ,Feira de Santana,523 - 535,"Feira de Santana, Salvador,  Catolândia","0,5",,"santo estevao, bonfim de feira...",,bate com o google apenas se fizer partndo da cidade da contratacao 
115,2 sedes - Feira de Santana e Catolandia ,FPM,não,"262,97 (empate FP) ","355,76",48.500-000,EUCLIDES DA CUNHA,Feira de Santana,209; 251,"Feira de Santana, Salvador,  Catolândia","0,5",,,,
116,2 sedes - Feira de Santana e Catolandia ,FPM,não,"592,77 (empate FP) ","676,33",45.848-000,Itabela,Feira de Santana,592; 609,"Feira de Santana, Salvador,  Catolândia","0,5",,,,
117,2 sedes - Feira de Santana e Catolandia ,FPM,não ,"279,65 (empate FP) ","396,02",44.850-000,Morro do Chapéu ,Feira de Santana,280,"Feira de Santana, Salvador,  Catolândia","0,5",,,,
118,2 sedes - Feira de Santana e Catolandia ,FPM,desconsiderar,desconsiderar,desconsiderar,desconsiderar,desconsiderar,desconsiderar,desconsiderar,,,,,,
119,2 sedes - Feira de Santana e Catolandia ,FPM,Não,"205,98 (empate FP) ","319,93",46.800-000,RUY BARBOSA,Feira de Santana,201; 203,"Feira de Santana, Salvador,  Catolândia","0,5",,,,
120,2 sedes - Feira de Santana e Catolandia ,FPM,não ,"115,11 (empate FP) ","193,89",44.430-072,Santo Antonio de Jesus ,Feira de Santana,106; 109,"Feira de Santana, Salvador,  Catolândia","0,5",,,,
121,2 sedes - Feira de Santana e Catolandia ,FPM,Não,"156,32  (empate FP) ","274,98",48.880-000,Santaluz,Feira de Santana,157; 164,"Feira de Santana, Salvador,  Catolândia","0,5",,,,
122,2 sedes - Feira de Santana e Catolandia ,FPM,não ,"496,39 (empate FP) ","575,12",45.700-000,Itapetinga,Feira de Santana,472; 488,"Feira de Santana, Salvador,  Catolândia","0,5",,,,
123,2 sedes - Feira de Santana e Catolandia ,FPM,Não,"	416,24 (empate FP)","463,11",45.290-000,Ibicuí,Feira de Santana,405; 375,"Feira de Santana, Salvador,  Catolândia","0,5",,,,
124,2 sedes - Feira de Santana e Catolandia ,FPM,sim,"48,49","139,79",44.255-000,Irará,Feira de Santana,50; 49,"Feira de Santana, Salvador,  Catolândia","0,5",,,,
125,2 sedes - Feira de Santana e Catolandia ,FPM,não ,"433,03","545,44",45.710-000,Itororó,Feira de Santana,455; 418,"Feira de Santana, Salvador,  Catolândia","0,5",,,,
126,2 sedes - Feira de Santana e Catolandia ,FPM,não,"104,69 (empate FP)","220,63",48.760-000,Araci,Feira de Santana,105; 121,"Feira de Santana, Salvador,  Catolândia","0,5",,,,
127,2 sedes - Feira de Santana e Catolandia ,FPM,sim,0 (empate 3 ssa),"116,77",41.760-000,Salvador,Salvador ,0,"Feira de Santana, Salvador,  Catolândia",,,,,
128,2 sedes - Feira de Santana e Catolandia ,FPM,não,"377,6","505,31",45.280-000,Iguaí ,Feira de Santana,389; 376,"Feira de Santana, Salvador,  Catolândia","0,5",,,,
129,2 sedes - Feira de Santana e Catolandia ,FPM,Não,"	411,65 (empate fp)","528,36",45.005-092,Vitória da Conquista,Feira de Santana,402; 401,"Feira de Santana, Salvador,  Catolândia","0,5",,,,
130,2 sedes - Feira de Santana e Catolandia ,FPM,não,"571,92","650,45",45.820-331,Eunapolis,Feira de Santana,565; 564,"Feira de Santana, Salvador,  Catolândia","0,5",,,,
131,2 sedes - Feira de Santana e Catolandia ,FPM,não,"119,79","215,11",46.875-000,Itatim ,Feira de Santana,99; 120,"Feira de Santana, Salvador,  Catolândia","0,5",,,,
132,2 sedes - Feira de Santana e Catolandia ,FPM,Não,"236,97 (empate FP)","344,37",46.850-000,Boa Vista do Tupim,Feira de Santana,211; 228,"Feira de Santana, Salvador,  Catolândia","0,5",,,,
133,2 sedes - Feira de Santana e Catolandia ,FPM,Não,"115,11 (empate FP)","193,89",44.430-072,Santo Antonio de Jesus,Feira de Santana,106; 109,"Feira de Santana, Salvador,  Catolândia","0,5",,,,
134,2 sedes - Feira de Santana e Catolandia ,FPM,Não,"	128,84 (empate 2 ssa)","197,1",45.400-000,Valença,Feira de Santana,181; 192,"Feira de Santana, Salvador,  Catolândia","0,5",,,,
135,2 sedes - Feira de Santana e Catolandia ,FPM,não ,"115,11","193,89",44.430-072,Santo antonio de Jesus ,Feira de Santana,106; 109,"Feira de Santana, Salvador,  Catolândia","0,5",,,,
136,2 sedes - Feira de Santana e Catolandia ,FPM,Não,"	364,64 (empate FP)","470,2",48.609-020,Paulo Afonso,Feira de Santana,365; 357,"Feira de Santana, Salvador,  Catolândia","0,5","https://www.google.com/maps/dir/Feira+de+Santana,+Bahia/Paulo+Afonso,+BA/@-10.8213159,-39.9209385,8z/data=!3m1!4b1!4m14!4m13!1m5!1m1!1s0x714378df10f9afb:0xb5f00f82796f4aa6!2m2!1d-38.9600273!2d-12.2535651!1m5!1m1!1s0x70930cc78a6f9ff:0xdb68770589a8cabb!2m2!1d-38.2176411!2d-9.4000616!3e0?entry=ttu&g_ep=EgoyMDI2MDIyNS4wIKXMDSoASAFQAw%3D%3D",,,
137,2 sedes - Feira de Santana e Catolandia ,FPM,Não,"115,11 (empate FP)","193,89",44.572-060,Santo Antonio de Jesus,Feira de Santana,110; 109,"Feira de Santana, Salvador,  Catolândia","0,5",,,,
138,2 sedes - Feira de Santana e Catolandia ,FPM,não ,"	111,34 (empate FP)","228,83",44.642-000,Nova Fátima,Feira de Santana,113; 117,"Feira de Santana, Salvador,  Catolândia","0,5",,,,
139,2 sedes - Feira de Santana e Catolandia ,FPM,não ,"205,98","319,93",46.800-000,Ruy Barbosa,Feira de Santana,201; 203,"Feira de Santana, Salvador,  Catolândia","0,5",,,,
140,2 sedes - Feira de Santana e Catolandia ,FPM,Sim,0,"116,77",41.825-906,Salvador,Salvador ,0,"Feira de Santana, Salvador,  Catolândia",,,,,
141,2 sedes - Feira de Santana e Catolandia ,FPM,não ,"	79,37 (empate FP)","123,25",48.030-030,Alagoinhas,Feira de Santana,80; 80km,"Feira de Santana, Salvador,  Catolândia","0,5","https://www.google.com/maps/dir/48030-030+-+Alagoinhas+Velha,+Alagoinhas+-+BA/Feira+de+Santana,+Bahia/@-12.1779745,-39.01553,10z/data=!3m1!4b1!4m14!4m13!1m5!1m1!1s0x716bc1d264dff2d:0xc2aaac618e4db7f0!2m2!1d-38.4097167!2d-12.1388615!1m5!1m1!1s0x714378df10f9afb:0xb5f00f82796f4aa6!2m2!1d-38.9600273!2d-12.2535651!3e0?entry=ttu&g_ep=EgoyMDI2MDIyNC4wIKXMDSoASAFQAw%3D%3D",,,
142,1 Sede - Feira de Santana,FPV,não,"372,98","426,85",44.905-000,Lapão ,Feira de Santana,372; 374,"Salvador, Vitoria da Conquista, Governador Mangabeira, Teixeira de Freitas",1,,,,
143,1 Sede - Feira de Santana,FPV,sim,0,"478,8",45.985-214,Teixeira de Freitas,Teixeira de Freitas,0,"Salvador, Vitoria da Conquista, Governador Mangabeira, Teixeira de Freitas",,,,,
144,1 Sede - Feira de Santana,FPV,não,"63,98","501,9",45.960-000,Medeiros Neto ,Teixeira de Freitas,60; 70,"Salvador, Vitoria da Conquista, Governador Mangabeira, Teixeira de Freitas",,,,,
145,1 Sede - Feira de Santana,FPV,não,"50,3","528,41",45.928-000,Posto da Mata,Teixeira de Freitas,49; 50,"Salvador, Vitoria da Conquista, Governador Mangabeira, Teixeira de Freitas",,,,,
146,1 Sede - Feira de Santana,FPV,não,"50,3","528,41",45.928-000,Posto da Mata,Teixeira de Freitas,49; 50,"Salvador, Vitoria da Conquista, Governador Mangabeira, Teixeira de Freitas",,,,,
147,1 Sede - Feira de Santana,FPV,sim,0,"116,77",40.060-325,Salvador ,Salvador ,0,"Salvador, Vitoria da Conquista, Governador Mangabeira, Teixeira de Freitas",,,,,
148,1 Sede - Feira de Santana,FPV,não,"95,22","95,54",48.110-000,Catu,Feira de Santana,"FSA 97, Segundo lugar 94 ","Salvador, Vitoria da Conquista, Governador Mangabeira, Teixeira de Freitas",1,,,,
149,1 Sede - Feira de Santana,FPV,não,"79,37",101,48.010-040,Alagoinhas,Feira de Santana,79; 75,"Salvador, Vitoria da Conquista, Governador Mangabeira, Teixeira de Freitas",1,,,,
150,1 Sede - Feira de Santana,FPV,não,"124,25",146,48.490-000,Inhambupe ,Feira de Santana,124; 125,"Salvador, Vitoria da Conquista, Governador Mangabeira, Teixeira de Freitas",1,,,,
151,1 Sede - Feira de Santana,FPV,não,"81,5","536,45",45.930-000,Mucuri ,Teixeira de Freitas,100; 94,"Salvador, Vitoria da Conquista, Governador Mangabeira, Teixeira de Freitas",,,,,
152,1 Sede - Feira de Santana,FPV,não,"93,83","466,21",45.955-000,Vereda,Teixeira de Freitas,87; 90,"Salvador, Vitoria da Conquista, Governador Mangabeira, Teixeira de Freitas",,,,,
153,1 Sede - Feira de Santana,FPV,não,"243,14","267,81",45.806-000,Santa Maria Eterna,Teixeira de Freitas,246; cep n encontrado,"Salvador, Vitoria da Conquista, Governador Mangabeira, Teixeira de Freitas",,,,,
154,1 Sede - Feira de Santana,FPV,não,"259,74","289,26",45.800-000,Belmonte,Teixeira de Freitas,291; 262,"Salvador, Vitoria da Conquista, Governador Mangabeira, Teixeira de Freitas",,,,,
155,1 Sede - Feira de Santana,FPV,não,"157,22","299,9",45.821-182,Eunapolis,Teixeira de Freitas,161; cep n retornou,"Salvador, Vitoria da Conquista, Governador Mangabeira, Teixeira de Freitas",,,,,
156,1 Sede - Feira de Santana,FPV,não,"214,84","249,84",45.855-000,Itapebi,Teixeira de Freitas,217 nome;  239 cep,"Salvador, Vitoria da Conquista, Governador Mangabeira, Teixeira de Freitas",,,,,
157,1 Sede - Feira de Santana,FPV,não,"104,19","606,9",45.920-000,Nova Viçosa,Teixeira de Freitas,103; 61 cep,"Salvador, Vitoria da Conquista, Governador Mangabeira, Teixeira de Freitas",,,,,
158,1 Sede - Feira de Santana,FPV,sim,"29,41","117,91",42.800-938,Camaçari,Salvador ,50; cep não deu retorno,"Salvador, Vitoria da Conquista, Governador Mangabeira, Teixeira de Freitas",,,,,
159,1 Sede - Feira de Santana,FPV,não,"259,74","289,26",45.800-000,Belmonte,Teixeira de Freitas,291 nome; 262 cep,"Salvador, Vitoria da Conquista, Governador Mangabeira, Teixeira de Freitas",,,,,
160,1 Sede - Feira de Santana,FPV,não,"223,57",260,44.700-000,Jacobina,Feira de Santana,224; 228 CEP,"Salvador, Vitoria da Conquista, Governador Mangabeira, Teixeira de Freitas",1,,,,
161,1 Sede - Feira de Santana,FPV,sim,0,"478,8",45.985-214,teixeira de Freitas,Teixeira de Freitas,0,"Salvador, Vitoria da Conquista, Governador Mangabeira, Teixeira de Freitas",,,,,
162,1 Sede - Feira de Santana,FPV,sim,0,"478,8",45.996-899,teixeira de Freitas,Teixeira de Freitas,0,"Salvador, Vitoria da Conquista, Governador Mangabeira, Teixeira de Freitas",,,,,
163,1 Sede - Feira de Santana,FPV,não,"221,23","384,28",45.810-000,Porto Seguro,Teixeira de Freitas,225; 182 CEP,"Salvador, Vitoria da Conquista, Governador Mangabeira, Teixeira de Freitas",,,,,
164,1 Sede - Feira de Santana,FPV,sim,0,"478,8",45.992-000,teixeira de Freitas,Teixeira de Freitas,0,"Salvador, Vitoria da Conquista, Governador Mangabeira, Teixeira de Freitas",,,,,
165,1 Sede - Feira de Santana,FPV,sim,0,"116,77",41760-000,salvador,salvador,0,"Salvador, Vitoria da Conquista, Governador Mangabeira, Teixeira de Freitas",,,,,
166,1 Sede - Feira de Santana,FPV,não,"205,12","322,95",45.780-000,Itarantim,Vitoria da Conquista,179; 183,"Salvador, Vitoria da Conquista, Governador Mangabeira, Teixeira de Freitas",,,,,
167,1 Sede - Feira de Santana,FPV,sim,0,"116,77",41.760-000,Salvador,salvador,115; 117 cep,"Salvador, Vitoria da Conquista, Governador Mangabeira, Teixeira de Freitas",,,,,
168,1 Sede - Feira de Santana,FPV,sim,"25,6","114,42",42.712-740,Lauro de Freitas,salvador,27; 27,"Salvador, Vitoria da Conquista, Governador Mangabeira, Teixeira de Freitas",,,,,
169,1 Sede - Feira de Santana,FPV,não,"158,64","432,23",45.834-000,Jucuruçu,Teixeira de Freitas,161; 158,"Salvador, Vitoria da Conquista, Governador Mangabeira, Teixeira de Freitas",,,,,
170,1 Sede - Feira de Santana,FPV,não,327,"364,24",44.790-000,Campo Formoso,Governador Mangabeira,,"Salvador, Vitoria da Conquista, Governador Mangabeira, Teixeira de Freitas",,,,,
171,1 Sede - Feira de Santana,FPV,não,"65,98","365,22",45.190-000,Planalto,Vitoria da Conquista,46; 56,"Salvador, Vitoria da Conquista, Governador Mangabeira, Teixeira de Freitas",,,,,
172,1 Sede - Feira de Santana,FPV,não,"128,84","197,1",45.400-000,Valença,salvador,123; 141,"Salvador, Vitoria da Conquista, Governador Mangabeira, Teixeira de Freitas",,,,,
173,1 Sede - Feira de Santana,FPV,não,"157,22","299,9",45.820-040,Eunapolis,Teixeira de Freitas,161; 162,"Salvador, Vitoria da Conquista, Governador Mangabeira, Teixeira de Freitas",,,,,
174,1 Sede - Feira de Santana,FPV,não,"221,23","384,28",45.810-000,Porto Seguro,Teixeira de Freitas,224; 182,"Salvador, Vitoria da Conquista, Governador Mangabeira, Teixeira de Freitas",,,,,
175,1 Sede - Feira de Santana,FPV,sim,41,"96,02",44.550-000,São Felipe,Governador Mangabeira,,"Salvador, Vitoria da Conquista, Governador Mangabeira, Teixeira de Freitas",,,,,
176,1 Sede - Feira de Santana,FPV,sim,30,"85,46",44.540-000,Conceição do Almeida,Governador Mangabeira,,"Salvador, Vitoria da Conquista, Governador Mangabeira, Teixeira de Freitas",,,,,
177,1 Sede - Feira de Santana,FPV,não,"236,11","324,22",45.818-000,Trancoso,Vitoria da Conquista,405; 405,"Salvador, Vitoria da Conquista, Governador Mangabeira, Teixeira de Freitas",,,,,
178,1 Sede - Feira de Santana,FPV,não,158,"223,29",45.450-000,Gandu,Governador Mangabeira,,"Salvador, Vitoria da Conquista, Governador Mangabeira, Teixeira de Freitas",,,,,
179,1 Sede - Feira de Santana,FPV,não,"225,62","363,99",45.816-000,Arraial D'ajuda,Teixeira de Freitas,228; 226,"Salvador, Vitoria da Conquista, Governador Mangabeira, Teixeira de Freitas",,,,,
180,1 Sede - Feira de Santana,FPV,não,"159,58","397,21",45.840-000,Guaratinga,Teixeira de Freitas,162; 183,"Salvador, Vitoria da Conquista, Governador Mangabeira, Teixeira de Freitas",,,,,
181,1 Sede - Feira de Santana,FPV,não,"54,8","115,11",44.430-072,Santo Antonio de Jesus,Governador Mangabeira,,"Salvador, Vitoria da Conquista, Governador Mangabeira, Teixeira de Freitas",,,,,
182,1 Sede - Feira de Santana,FPV,não,"131,33","348,86",45.848-000,Itabela,Teixeira de Freitas,134; 127,"Salvador, Vitoria da Conquista, Governador Mangabeira, Teixeira de Freitas",,,,,
183,1 Sede - Feira de Santana,FPV,não,104,"155,93",45.300-000,Amargosa,Governador Mangabeira,,"Salvador, Vitoria da Conquista, Governador Mangabeira, Teixeira de Freitas",,"https://www.google.com/maps/dir/Feira+de+Santana,+Bahia/Amargosa,+BA,+45300-000/@-12.6419079,-39.6746411,10z/data=!3m1!4b1!4m14!4m13!1m5!1m1!1s0x714378df10f9afb:0xb5f00f82796f4aa6!2m2!1d-38.9600273!2d-12.2535651!1m5!1m1!1s0x73fdcdb0ee5427d:0x94bf5344aa19644b!2m2!1d-39.60207!2d-13.0297318!3e0?entry=ttu&g_ep=EgoyMDI2MDIyNC4wIKXMDSoASAFQAw%3D%3D",,,
184,1 Sede - Feira de Santana,FPV,não,"195,29","261,98",45.850-000,Itagimirim,Teixeira de Freitas,199; 217,"Salvador, Vitoria da Conquista, Governador Mangabeira, Teixeira de Freitas",,,,,
185,1 Sede - Feira de Santana,FPV,sim,"24,7","79,98",44.530-000,Sapeaçu,Governador Mangabeira,,"Salvador, Vitoria da Conquista, Governador Mangabeira, Teixeira de Freitas",,,,,
186,1 Sede - Feira de Santana,FPV,sim,0,"116,77",40.270-240,Salvador,Salvador,0,"Salvador, Vitoria da Conquista, Governador Mangabeira, Teixeira de Freitas",,,,,
187,1 Sede - Feira de Santana,FPV,não,"364,64",418,48.601-195,Paulo Afonso,Feira de Santana,366; 365,"Salvador, Vitoria da Conquista, Governador Mangabeira, Teixeira de Freitas",1,"https://www.google.com/maps/dir/Feira+de+Santana,+Bahia/Paulo+Afonso,+BA/@-10.8213159,-39.9209385,8z/data=!3m1!4b1!4m14!4m13!1m5!1m1!1s0x714378df10f9afb:0xb5f00f82796f4aa6!2m2!1d-38.9600273!2d-12.2535651!1m5!1m1!1s0x70930cc78a6f9ff:0xdb68770589a8cabb!2m2!1d-38.2176411!2d-9.4000616!3e0?entry=ttu&g_ep=EgoyMDI2MDIyNS4wIKXMDSoASAFQAw%3D%3D",,,
188,1 Sede - Feira de Santana,FPV,não,"109,56","469,4",45.983-971,CUMURUXATIBA,Teixeira de Freitas,112; cep n retornou,"Salvador, Vitoria da Conquista, Governador Mangabeira, Teixeira de Freitas",,,,,
189,1 Sede - Feira de Santana,FPV,não,"238,82","337,36",45.807-000,Santa Cruz Cabrália,Teixeira de Freitas,242; 209,"Salvador, Vitoria da Conquista, Governador Mangabeira, Teixeira de Freitas",,,,,
190,1 Sede - Feira de Santana,FPV,sim,0,"478,8",45.985-200,teixeira de Freitas,Teixeira de Freitas,0,"Salvador, Vitoria da Conquista, Governador Mangabeira, Teixeira de Freitas",,,,,
191,1 Sede - Feira de Santana,FPV,sim,"48,49",85,44.255-000,Irará,Feira de Santana,38; 50,"Salvador, Vitoria da Conquista, Governador Mangabeira, Teixeira de Freitas",1,,,,
192,1 Sede - Feira de Santana,FPV,não,"58,7","110,53",44.500-000,Castro Alves,Governador Mangabeira,,"Salvador, Vitoria da Conquista, Governador Mangabeira, Teixeira de Freitas",,,,,
193,1 Sede - Feira de Santana,FPV,não,"259,74","289,26",45.800-000,Belmonte,Teixeira de Freitas,291; 262,"Salvador, Vitoria da Conquista, Governador Mangabeira, Teixeira de Freitas",,,,,
194,1 Sede - Feira de Santana,FPV,não,"221,23","384,28",45.810-000,Porto Seguro,Teixeira de Freitas,224; 182,"Salvador, Vitoria da Conquista, Governador Mangabeira, Teixeira de Freitas",,,,,
195,1 Sede - Feira de Santana,FPV,não,"63,98","501,9",45.960-000,Medeiros Neto ,Teixeira de Freitas,60; 70,"Salvador, Vitoria da Conquista, Governador Mangabeira, Teixeira de Freitas",,,,,
196,1 Sede - Feira de Santana,FPV,não,"50,3","528,41",45.928-000,Posto da Mata,Teixeira de Freitas,49; 50,"Salvador, Vitoria da Conquista, Governador Mangabeira, Teixeira de Freitas",,,,,
197,1 Sede - Feira de Santana,FPV,sim,0,"116,77",40.454-260,Salvador,Salvador,0,"Salvador, Vitoria da Conquista, Governador Mangabeira, Teixeira de Freitas",,,,,
198,1 Sede - Feira de Santana,FPV,não,"95,43","465,48",45.970-000,Itanhém,Teixeira de Freitas,92; 111,"Salvador, Vitoria da Conquista, Governador Mangabeira, Teixeira de Freitas",,,,,
199,1 Sede - Feira de Santana,FPV,não,"126,29","365,77",46.600-000,Tanhaçu,Vitoria da Conquista,127; 120,"Salvador, Vitoria da Conquista, Governador Mangabeira, Teixeira de Freitas",,,,,
200,1 Sede - Feira de Santana,FPV,não,"157,22","299,9",45.820-331,Eunapolis,Teixeira de Freitas,161; 162,"Salvador, Vitoria da Conquista, Governador Mangabeira, Teixeira de Freitas",,,,,
201,1 Sede - Feira de Santana,FPV,sim,0,"411,65",45.000-510,Vitoria da Conquista,Vitoria da Conquista,402; 401,"Salvador, Vitoria da Conquista, Governador Mangabeira, Teixeira de Freitas",,,,,
202,1 Sede - Feira de Santana,FPV,sim,"34,97","49,5",44.245-000,Conceição do Jacuipe,Feira de Santana,27; 37,"Salvador, Vitoria da Conquista, Governador Mangabeira, Teixeira de Freitas",1,,,,
203,1 Sede - Feira de Santana,FPV,não,83,"125,3",44.400-000,Nazaré,Governador Mangabeira,,"Salvador, Vitoria da Conquista, Governador Mangabeira, Teixeira de Freitas",,,,,
204,1 Sede - Feira de Santana,FPV,sim,0,"478,8",45.985-214,teixeira de Freitas,Teixeira de Freitas,0,"Salvador, Vitoria da Conquista, Governador Mangabeira, Teixeira de Freitas",,,,,
205,1 Sede - Feira de Santana,FPV,não,"81,5","536,45",45.930-000,Mucuri ,Teixeira de Freitas,100; 94,"Salvador, Vitoria da Conquista, Governador Mangabeira, Teixeira de Freitas",,,,,
206,1 Sede - Feira de Santana,FPV,sim,0,"116,77",40.060-325,Salvador,Salvador,0,"Salvador, Vitoria da Conquista, Governador Mangabeira, Teixeira de Freitas",,,,,
207,1 Sede - Feira de Santana,FPV,sim,0,"116,77",40.060-325,Salvador,Salvador,115; 117,"Salvador, Vitoria da Conquista, Governador Mangabeira, Teixeira de Freitas",,,,,
208,1 Sede - Feira de Santana,FPV,não,108,"163,29",45.480-000,Mutuipe,Governador Mangabeira,,"Salvador, Vitoria da Conquista, Governador Mangabeira, Teixeira de Freitas",,,,,
209,1 Sede - Feira de Santana,FPV,não,"45,9","96,02",44.550-000,São Felipe,Governador Mangabeira,,"Salvador, Vitoria da Conquista, Governador Mangabeira, Teixeira de Freitas",,,,,
210,1 Sede - Feira de Santana,FPV,não,"233,58",297,45.550-000,Ubatã,Vitoria da Conquista,216; 241,"Salvador, Vitoria da Conquista, Governador Mangabeira, Teixeira de Freitas",,,,,
211,1 Sede - Feira de Santana,FPV,sim,0,"411,65",45.000-510,Vitoria da Conquista,Vitoria da Conquista,0,"Salvador, Vitoria da Conquista, Governador Mangabeira, Teixeira de Freitas",,,,,
212,1 Sede - Feira de Santana,FPV,não,"149,45",174,48.370-000,Esplanada,Feira de Santana,151; 169,"Salvador, Vitoria da Conquista, Governador Mangabeira, Teixeira de Freitas",1,,,,
213,1 Sede - Feira de Santana,FPV,sim,0,51,44.051-335,Feira de Santana,Feira de Santana,0,"Salvador, Vitoria da Conquista, Governador Mangabeira, Teixeira de Freitas",1,,,,
214,1 Sede - Feira de Santana,FPV,sim,0,"411,65",45.028-045,Vitoria da Conquista,Vitoria da Conquista,0,"Salvador, Vitoria da Conquista, Governador Mangabeira, Teixeira de Freitas",,,,,
215,1 Sede - Feira de Santana,FPV,sim,0,"411,65",45.000-010,Vitoria da Conquista,Vitoria da Conquista,0,"Salvador, Vitoria da Conquista, Governador Mangabeira, Teixeira de Freitas",,,,,
216,1 Sede - Feira de Santana,FPV,não,"80,31","334,4",45.260-000,Poções,Vitoria da Conquista,67; 70,"Salvador, Vitoria da Conquista, Governador Mangabeira, Teixeira de Freitas",,,,,
217,1 Sede - Feira de Santana,FPV,não,219,"236,97",46.850-000,Boa Vista do Tupim,Governador Mangabeira,,"Salvador, Vitoria da Conquista, Governador Mangabeira, Teixeira de Freitas",,,,,
218,1 Sede - Feira de Santana,FPV,não,"336,59","579,16",46.500-000,Macaúbas,Vitoria da Conquista,337; 363,"Salvador, Vitoria da Conquista, Governador Mangabeira, Teixeira de Freitas",,,,,
219,1 Sede - Feira de Santana,FPV,não,"115,73","330,37",45.250-000,Boa Nova,Vitoria da Conquista,105; 97,"Salvador, Vitoria da Conquista, Governador Mangabeira, Teixeira de Freitas",,,,,
220,1 Sede - Feira de Santana,FPV,não,"237,86",291,48.840-000,Cansanção,Feira de Santana,232; 235,"Salvador, Vitoria da Conquista, Governador Mangabeira, Teixeira de Freitas",1,,,,
221,1 Sede - Feira de Santana,FPV,não,"248,74",301,48.800-000,Monte Santo,Feira de Santana,247; 278,"Salvador, Vitoria da Conquista, Governador Mangabeira, Teixeira de Freitas",1,,,,
222,1 Sede - Feira de Santana,FPV,não,"225,19",268,48.410-000,Cícero Dantas,Feira de Santana,215; 226,"Salvador, Vitoria da Conquista, Governador Mangabeira, Teixeira de Freitas",1,,,,
223,1 Sede - Feira de Santana,FPV,sim,0,"116,77",40.454-260,Salvador,Salvador,0,"Salvador, Vitoria da Conquista, Governador Mangabeira, Teixeira de Freitas",,,,,
224,1 Sede - Feira de Santana,FPV,não,"770,97","846,76",47.850-047,Luis Eduardo Magalhaes,Vitoria da Conquista,781; cep não retornou,"Salvador, Vitoria da Conquista, Governador Mangabeira, Teixeira de Freitas",,,,,
225,1 Sede - Feira de Santana,FPV,não,"682,65","757,55",47.800-970,Barreiras,Vitoria da Conquista,690; cep não retornou,"Salvador, Vitoria da Conquista, Governador Mangabeira, Teixeira de Freitas",,,,,
226,1 Sede - Feira de Santana,FPV,não,"147,67","407,82",45.255-000,Mirante,Vitoria da Conquista,93; 149,"Salvador, Vitoria da Conquista, Governador Mangabeira, Teixeira de Freitas",,,,,
227,1 Sede - Feira de Santana,FPV,não,"770,97","846,76",47.850-047,Luis Eduardo Magalhaes,Vitoria da Conquista,781; cep não retornou,"Salvador, Vitoria da Conquista, Governador Mangabeira, Teixeira de Freitas",,,,,
228,1 Sede - Feira de Santana,FPV,não,"65,98","365,22",45.190-000,Planalto,Vitoria da Conquista,46; 56,"Salvador, Vitoria da Conquista, Governador Mangabeira, Teixeira de Freitas",,,,,
229,1 Sede - Feira de Santana,FPV,não,"164,8","252,11",45.200-418,Jequié,Vitoria da Conquista,154; 154,"Salvador, Vitoria da Conquista, Governador Mangabeira, Teixeira de Freitas",,,,,
230,1 Sede - Feira de Santana,FPV,não,"237,86",284,48.840-000,Cansanção,Feira de Santana,232; 235,"Salvador, Vitoria da Conquista, Governador Mangabeira, Teixeira de Freitas",1,,,,
231,1 Sede - Feira de Santana,FPV,não,"248,74",301,48.800-000,Monte Santo,Feira de Santana,247; 278,"Salvador, Vitoria da Conquista, Governador Mangabeira, Teixeira de Freitas",1,,,,
232,1 Sede - Feira de Santana,FPV,não,"262,97",312,48.500-000,Euclides da Cunha,Feira de Santana,209 ; 251,"Salvador, Vitoria da Conquista, Governador Mangabeira, Teixeira de Freitas",1,,,,
233,1 Sede - Feira de Santana,FPV,não,"104,19","606,9",45.920-000,Nova Viçosa,Teixeira de Freitas,103; 61 cep,"Salvador, Vitoria da Conquista, Governador Mangabeira, Teixeira de Freitas",,,,,
234,1 Sede - Feira de Santana,FPV,sim,"36,51","391,85",45.120-000,Barra do Choça,Vitoria da Conquista,29; 30,"Salvador, Vitoria da Conquista, Governador Mangabeira, Teixeira de Freitas",,,,,
235,1 Sede - Feira de Santana,FPV,não,"223,57",260,44.700-000,Jacobina,Feira de Santana,226; 230,"Salvador, Vitoria da Conquista, Governador Mangabeira, Teixeira de Freitas",1,,,,
236,1 Sede - Feira de Santana,FPV,não,"54,8","115,11",44.572-060,Santo Antonio de Jesus,Governador Mangabeira,,"Salvador, Vitoria da Conquista, Governador Mangabeira, Teixeira de Freitas",,,,,
237,1 Sede - Feira de Santana,FPV,não,"164,8","252,11",45.200-350,Jequié,Vitoria da Conquista,154; cep não retornou,"Salvador, Vitoria da Conquista, Governador Mangabeira, Teixeira de Freitas",,,,,
238,1 Sede - Feira de Santana,FPV,não,"221,23","384,28",45.810-000,Porto Seguro,Teixeira de Freitas,224; 182,"Salvador, Vitoria da Conquista, Governador Mangabeira, Teixeira de Freitas",,,,,
239,1 Sede - Feira de Santana,FPV,não,"217,54","282,84",45.570-000,Ipiaú,Vitoria da Conquista,191; 202,"Salvador, Vitoria da Conquista, Governador Mangabeira, Teixeira de Freitas",,,,,
240,1 Sede - Feira de Santana,FPV,não,"221,23","384,28",45.810-000,Porto Seguro,Teixeira de Freitas,224; 182,"Salvador, Vitoria da Conquista, Governador Mangabeira, Teixeira de Freitas",,,,,
241,1 Sede - Feira de Santana,FPV,não,83,"125,3",44.400-000,Nazaré,Governador Mangabeira,,"Salvador, Vitoria da Conquista, Governador Mangabeira, Teixeira de Freitas",,,,,
242,1 Sede - Feira de Santana,FPV,não,"108,18",155,48.730-000,Conceição do Coité,Feira de Santana,103; 102,"Salvador, Vitoria da Conquista, Governador Mangabeira, Teixeira de Freitas",1,,,,
243,1 Sede - Feira de Santana,FPV,não,"165,97","165,97",45.430-000,Taperoá,Salvador,144; 160; ,"Salvador, Vitoria da Conquista, Governador Mangabeira, Teixeira de Freitas",,,,,
244,1 Sede - Feira de Santana,FPV,não,"236,11","324,22",45.818-000,Trancoso,Vitoria da Conquista,405; 405,"Salvador, Vitoria da Conquista, Governador Mangabeira, Teixeira de Freitas",,,,,
245,1 Sede - Feira de Santana,FPV,não,"225,62","363,99",45.816-000,Arraial D'ajuda,Teixeira de Freitas,228; 226,"Salvador, Vitoria da Conquista, Governador Mangabeira, Teixeira de Freitas",,,,,
246,1 Sede - Feira de Santana,FPV,não,"221,23","384,28",45.810-000,Porto Seguro,Teixeira de Freitas,224; 182,"Salvador, Vitoria da Conquista, Governador Mangabeira, Teixeira de Freitas",,,,,
247,1 Sede - Feira de Santana,FPV,sim,"41,3","96,02",44.550-000,São Felipe,Governador Mangabeira,,"Salvador, Vitoria da Conquista, Governador Mangabeira, Teixeira de Freitas",,,,,
248,1 Sede - Feira de Santana,FPV,não,54,"110,53",44.500-000,Castro Alves,Governador Mangabeira,,"Salvador, Vitoria da Conquista, Governador Mangabeira, Teixeira de Freitas",,,,,
249,1 Sede - Feira de Santana,FPV,não,152,"212,47",45.460-000,WENCESLAU GUIMARÃES,Governador Mangabeira,,"Salvador, Vitoria da Conquista, Governador Mangabeira, Teixeira de Freitas",,,,,
250,1 Sede - Feira de Santana,FPV,não,"81,5","536,45",45.930-000,Mucuri ,Teixeira de Freitas,100; 94,"Salvador, Vitoria da Conquista, Governador Mangabeira, Teixeira de Freitas",,,,,
251,1 Sede - Feira de Santana,FPV,não,"364,64",418,48.601-195,Paulo Afonso,Feira de Santana,365; 364,"Salvador, Vitoria da Conquista, Governador Mangabeira, Teixeira de Freitas",1,"https://www.google.com/maps/dir/Feira+de+Santana,+Bahia/Paulo+Afonso,+BA/@-10.8213159,-39.9209385,8z/data=!3m1!4b1!4m14!4m13!1m5!1m1!1s0x714378df10f9afb:0xb5f00f82796f4aa6!2m2!1d-38.9600273!2d-12.2535651!1m5!1m1!1s0x70930cc78a6f9ff:0xdb68770589a8cabb!2m2!1d-38.2176411!2d-9.4000616!3e0?entry=ttu&g_ep=EgoyMDI2MDIyNS4wIKXMDSoASAFQAw%3D%3D",,,
252,1 Sede - Feira de Santana,FPV,não,"234,08","261,28",45.580-000,IBIRATAIA,Vitoria da Conquista,207; 223,"Salvador, Vitoria da Conquista, Governador Mangabeira, Teixeira de Freitas",,,,,
253,1 Sede - Feira de Santana,FPV,não,"364,64",418,48.609-020,Paulo Afonso,Feira de Santana,365; 357,"Salvador, Vitoria da Conquista, Governador Mangabeira, Teixeira de Freitas",1,"https://www.google.com/maps/dir/Feira+de+Santana,+Bahia/Paulo+Afonso,+BA/@-10.8213159,-39.9209385,8z/data=!3m1!4b1!4m14!4m13!1m5!1m1!1s0x714378df10f9afb:0xb5f00f82796f4aa6!2m2!1d-38.9600273!2d-12.2535651!1m5!1m1!1s0x70930cc78a6f9ff:0xdb68770589a8cabb!2m2!1d-38.2176411!2d-9.4000616!3e0?entry=ttu&g_ep=EgoyMDI2MDIyNS4wIKXMDSoASAFQAw%3D%3D",,,
254,1 Sede - Feira de Santana,FPV,não,"205,98",208,46.800-000,Ruy Barbosa,Feira de Santana,201; 203,"Salvador, Vitoria da Conquista, Governador Mangabeira, Teixeira de Freitas",1,,,,
255,1 Sede - Feira de Santana,FPV,não,"127,1",173,48.750-000,Retirolândia,Feira de Santana,126; 124,"Salvador, Vitoria da Conquista, Governador Mangabeira, Teixeira de Freitas",1,,,,
256,1 Sede - Feira de Santana,FPV,não,"157,22","299,9",45.820-331,Eunapolis,Teixeira de Freitas,161; 162,"Salvador, Vitoria da Conquista, Governador Mangabeira, Teixeira de Freitas",,,,,
257,1 Sede - Feira de Santana,FPV,não,"138,84",183,48.890-000,Valente,Feira de Santana,138; 144,"Salvador, Vitoria da Conquista, Governador Mangabeira, Teixeira de Freitas",1,,,,
258,1 Sede - Feira de Santana,FPV,não,"217,54","282,84",45.570-000,Ipiaú,Vitoria da Conquista,191; 202,"Salvador, Vitoria da Conquista, Governador Mangabeira, Teixeira de Freitas",,,,,
259,1 Sede - Feira de Santana,FPV,não,"156,32",220,48.880-000,Santaluz,Feira de Santana,157; 1164,"Salvador, Vitoria da Conquista, Governador Mangabeira, Teixeira de Freitas",1,,,,
260,1 Sede - Feira de Santana,FPV,não,"108,18",158,48.730-000,Conceição do Coité,Feira de Santana,109; 102,"Salvador, Vitoria da Conquista, Governador Mangabeira, Teixeira de Freitas",1,,,,
261,1 Sede - Feira de Santana,FPV,não,"104,69",161,48.760-000,Araci,Feira de Santana,105; 121,"Salvador, Vitoria da Conquista, Governador Mangabeira, Teixeira de Freitas",1,,,,
262,1 Sede - Feira de Santana,FPV,não,"72,93",129,48.700-000,Serrinha,Feira de Santana,68; 73,"Salvador, Vitoria da Conquista, Governador Mangabeira, Teixeira de Freitas",1,,,,
263,1 Sede - Feira de Santana,FPV,não,168,"223,29",45.450-000,Gandu,Governador Mangabeira,159; 168,"Salvador, Vitoria da Conquista, Governador Mangabeira, Teixeira de Freitas",,,,,
264,1 Sede - Feira de Santana,FPV,não,"259,74","289,26",45.800-000,Belmonte,Teixeira de Freitas,291; 262,"Salvador, Vitoria da Conquista, Governador Mangabeira, Teixeira de Freitas",,,,,
265,1 Sede - Feira de Santana,FPV,não,"259,74","289,26",45.800-000,Belmonte,Teixeira de Freitas,291; 262,"Salvador, Vitoria da Conquista, Governador Mangabeira, Teixeira de Freitas",,,,,
266,1 Sede - Feira de Santana,FPV,não,"262,97",312,48.500-000,Euclides da Cunha,Feira de Santana,209; 251,"Salvador, Vitoria da Conquista, Governador Mangabeira, Teixeira de Freitas",1,,,,
267,1 Sede - Feira de Santana,FPV,não,"221,23","384,28",45.810-000,Porto Seguro,Teixeira de Freitas,224; 182,"Salvador, Vitoria da Conquista, Governador Mangabeira, Teixeira de Freitas",,,,,
268,1 Sede - Feira de Santana,FPV,sim,0,51,44.001-024,Feira de Santana,Feira de Santana,0,"Salvador, Vitoria da Conquista, Governador Mangabeira, Teixeira de Freitas",1,,,,
269,1 Sede - Feira de Santana,FPV,sim,"21,71",32,44.330-000,São Gonçalo dos Campos,Feira de Santana,21; 22,"Salvador, Vitoria da Conquista, Governador Mangabeira, Teixeira de Freitas",1,,,,
270,1 Sede - Feira de Santana,FPV,não,"262,97",312,48.500-000,Euclides da Cunha,Feira de Santana,209; 251,"Salvador, Vitoria da Conquista, Governador Mangabeira, Teixeira de Freitas",1,,,,
271,1 Sede - Feira de Santana,FPV,sim,0,"116,77",40.270-200,Salvador,Salvador,0,"Salvador, Vitoria da Conquista, Governador Mangabeira, Teixeira de Freitas",,,,,
272,1 Sede - Feira de Santana,FPV,sim,0,"478,8",45.990-090,Teixeira de Freitas,Teixeira de Freitas,0,"Salvador, Vitoria da Conquista, Governador Mangabeira, Teixeira de Freitas",,,,,
273,2 sedes - Feira de Santana e Catolandia ,FPM,não ,"516,95",,45.855-000,itapebi ,Feira de Santana,,"Feira de Santana, Salvador","0,5",,,,
274,2 sedes - Feira de Santana e Catolandia ,FPIA,não,"239,81","803,61",48.870-000,NORDESTINA,FEIRA DE SANTANA,240; 245,"Feira de santana, catolandia","0,5","https://www.google.com/maps/dir/Nordestina,+BA/feira+de+santana/@-11.5135247,-39.9553986,9z/data=!4m14!4m13!1m5!1m1!1s0x7128cc405752035:0xcb50ac09a723ab98!2m2!1d-39.4293973!2d-10.8248202!1m5!1m1!1s0x71439dbd0766da9:0xed4d58d8df9d5ffe!2m2!1d-38.9600762!2d-12.2535848!3e0?entry=ttu&g_ep=EgoyMDI1MTIwOS4wIKXMDSoKLDEwMDc5MjA2OUgBUAM%3D",,,
275,2 sedes - Feira de Santana e Catolandia ,FPIA,não,"116,77","841,61",41.650-010,SALVADOR,FEIRA DE SANTANA,116; 112,"feira de santana, catolandia","0,5","https://www.google.com/maps/dir/Salvador,+BA/feira+de+santana/@-12.6175222,-39.0120967,10z/data=!3m1!4b1!4m14!4m13!1m5!1m1!1s0x716112050422ebd:0xf71c84369573db9d!2m2!1d-38.5016363!2d-12.9777378!1m5!1m1!1s0x71439dbd0766da9:0xed4d58d8df9d5ffe!2m2!1d-38.9600762!2d-12.2535848!3e0?entry=ttu&g_ep=EgoyMDI1MTIwOS4wIKXMDSoKLDEwMDc5MjA2OUgBUAM%3D",,,
276,2 sedes - Feira de Santana e Catolandia ,FPIA,não,"380,45","403,27",46.540-000,IBIPITANGA,CATOLANDIA,396; 357,"feira de santana, catolandia",,,,,
277,2 sedes - Feira de Santana e Catolandia ,FPIA,não,"116,77","841,61",41.706-690,SALVADOR,FEIRA DE SANTANA,116; 118,"feira de santana, catolandia","0,5",,,,
278,2 sedes - Feira de Santana e Catolandia ,FPIA,não,"197,1","774,85",45.400-000,VALENÇA,FEIRA DE SANTANA,188; 191,"feira de santana, catolandia","0,5",,,,
279,2 sedes - Feira de Santana e Catolandia ,FPIA,não,"115,11","722,68",44.430-072,SANTO ANTÔNIO DE JESUS,FEIRA DE SANTANA,108; 107,"feira de santana, catolandia","0,5",,,,
280,2 sedes - Feira de Santana e Catolandia ,FPIA,não,"195,73","758,9",45.465-000,TEOLÂNDIA,FEIRA DE SANTANA,193; 196 - 205,"feira de santana, catolandia","0,5",PELO PC MOSTRA UM E CELULAR OUTRO TRAJETO PELO CEP,,,
281,2 sedes - Feira de Santana e Catolandia ,FPIA,não,"262,97","935,42",48.500-000,EUCLIDES DA CUNHA,FEIRA DE SANTANA,209; 250,"feira de santana, catolandia","0,5",,,,
282,2 sedes - Feira de Santana e Catolandia ,FPIA,não,"114,42","839,81",42.712-740,LAURO DE FREITAS,FEIRA DE SANTANA,111; 112,"feira de santana, catolandia","0,5",,,,
283,2 sedes - Feira de Santana e Catolandia ,FPIA,não,"220,16","793,86",45.430-000,TAPEROÁ,FEIRA DE SANTANA,210; 218,"feira de santana, catolandia","0,5",,,,
284,2 sedes - Feira de Santana e Catolandia ,FPIA,não,"266,19","920,18",45.445-000,CAMAMU,FEIRA DE SANTANA,261; 268,"feira de santana, catolandia","0,5",,,,
285,2 sedes - Feira de Santana e Catolandia ,FPIA,não,"116,77","841,61",41.706-690,SALVADOR,FEIRA DE SANTANA,116; 118,"feira de santana, catolandia","0,5",,,,
286,2 sedes - Feira de Santana e Catolandia ,FPIA,não,"116,77","841,61",40.070-045,SALVADOR,FEIRA DE SANTANA,115; 117,"feira de santana, catolandia","0,5",,,,
287,2 sedes - Feira de Santana e Catolandia ,FPIA,sim,0,"37,22",47.801-230,BARREIRAS,CATOLANDIA,0,"feira de santana, catolandia",,,,,
288,2 sedes - Feira de Santana e Catolandia ,FPIA,não,"189,07","908,17",48.400-000,RIBEIRA DO POMBAL,FEIRA DE SANTANA,184; 189,"feira de santana, catolandia","0,5",,,,
289,2 sedes - Feira de Santana e Catolandia ,FPIA,não,"116,77","841,61",41.600-500,SALVADOR,FEIRA DE SANTANA,115; 112,"feira de santana, catolandia","0,5",,,,
290,2 sedes - Feira de Santana e Catolandia ,FPIA,não,"114,42","860,57",42.702-000,LAURO DE FREITAS,FEIRA DE SANTANA,111; 114,"feira de santana, catolandia","0,5","https://www.google.com/maps/dir/Av.+Luiz+Tarqu%C3%ADnio+Pontes+-+Aracu%C3%AD,+Lauro+de+Freitas+-+BA,+42702-000/Feira+de+Santana+-+BA/@-12.5802579,-38.931597,10z/data=!4m14!4m13!1m5!1m1!1s0x7163e07978034df:0x49e4981c93eac3d6!2m2!1d-38.3079985!2d-12.8836321!1m5!1m1!1s0x714378df10f9afb:0xb5f00f82796f4aa6!2m2!1d-38.9600273!2d-12.2535651!3e0?entry=ttu&g_ep=EgoyMDI1MTIwOS4wIKXMDSoKLDEwMDc5MjA2OUgBUAM%3D",,,
291,2 sedes - Feira de Santana e Catolandia ,FPIA,não,"372,92","375,26",46.500-000,MACAÚBAS,CATOLANDIA,368; 405,"feira de santana, catolandia",,,,,
292,2 sedes - Feira de Santana e Catolandia ,FPIA,não,"117,91","860,21",42.800-605,CAMAÇARI,FEIRA DE SANTANA,105; 107,"feira de santana, catolandia","0,5",,,,
293,2 sedes - Feira de Santana e Catolandia ,FPIA,não,"124,25","169,18",48.490-000,INHAMBUPE,FEIRA DE SANTANA,124; 125,"feira de santana, catolandia","0,5","https://www.google.com/maps/dir/Inhambupe,+BA/Feira+de+Santana+-+BA/@-12.0716082,-38.982864,10z/data=!3m1!4b1!4m14!4m13!1m5!1m1!1s0x71149ab0f8ce7cb:0xa83fdabef42757e9!2m2!1d-38.3525212!2d-11.7868374!1m5!1m1!1s0x714378df10f9afb:0xb5f00f82796f4aa6!2m2!1d-38.9600273!2d-12.2535651!3e0?entry=ttu&g_ep=EgoyMDI1MTIwOS4wIKXMDSoKLDEwMDc5MjA2OUgBUAM%3D",,,
294,2 sedes - Feira de Santana e Catolandia ,FPIA,não,"313,84","1.034,99",48.590-000,CORONEL JOÃO SÁ,FEIRA DE SANTANA,349; 302,"feira de santana, catolandia","0,5",,,,
295,2 sedes - Feira de Santana e Catolandia ,FPIA,não,"116,77","862,37",41.760-000,SALVADOR,FEIRA DE SANTANA,115; 117,"feira de santana, catolandia","0,5",,,,
296,2 sedes - Feira de Santana e Catolandia ,FPIA,não,"313,84","1.034,99",48.590-000,CORONEL JOÃO SÁ,FEIRA DE SANTANA,349; 302,"feira de santana, catolandia","0,5",,,,
297,2 sedes - Feira de Santana e Catolandia ,FPIA,não,"114,42","860,57",42.701-260,LAURO DE FREITAS,FEIRA DE SANTANA,111; 114,"feira de santana, catolandia","0,5","https://www.google.com/maps/dir/Avenida+Santos+Dumont+-+Pitangueiras,+Lauro+de+Freitas+-+BA,+42701-260/Feira+de+Santana+-+BA/@-12.5802579,-38.931597,10z/data=!4m14!4m13!1m5!1m1!1s0x7163e10718f46cf:0xbe0bbd38d62e234a!2m2!1d-38.3054925!2d-12.8740778!1m5!1m1!1s0x714378df10f9afb:0xb5f00f82796f4aa6!2m2!1d-38.9600273!2d-12.2535651!3e0?entry=ttu&g_ep=EgoyMDI1MTIwOS4wIKXMDSoKLDEwMDc5MjA2OUgBUAM%3D",,,
298,2 sedes - Feira de Santana e Catolandia ,FPIA,não,"79,37","123,25",48.010-040,ALAGOINHAS,FEIRA DE SANTANA,79; 75,"feira de santana, catolandia","0,5","https://www.google.com/maps/dir/Alagoinhas,+BA/Feira+de+Santana+-+BA/@-12.2450778,-39.0178251,10z/data=!4m14!4m13!1m5!1m1!1s0x716bc4664f79dcd:0xa2750b2cba29fb80!2m2!1d-38.4211223!2d-12.1339689!1m5!1m1!1s0x714378df10f9afb:0xb5f00f82796f4aa6!2m2!1d-38.9600273!2d-12.2535651!3e0?entry=ttu&g_ep=EgoyMDI1MTIwOS4wIKXMDSoKLDEwMDc5MjA2OUgBUAM%3D",,,
299,2 sedes - Feira de Santana e Catolandia ,FPIA,não,"116,77","862,37",41.770-235,SALVADOR,FEIRA DE SANTANA,115; 117,"feira de santana, catolandia","0,5",,,,
300,2 sedes - Feira de Santana e Catolandia ,FPIA,não,"116,77","862,37",41.760-000,SALVADOR,FEIRA DE SANTANA,115; 117,"feira de santana, catolandia","0,5",,,,
301,2 sedes - Feira de Santana e Catolandia ,FPIA,não,"220,19","965,91",48.405-000,BANZAÊ,FEIRA DE SANTANA,220; 217,"feira de santana, catolandia","0,5","https://www.google.com/maps/dir/Banza%C3%AA,+BA/Feira+de+Santana+-+BA/@-11.4651953,-39.9647299,8z/data=!3m1!4b1!4m14!4m13!1m5!1m1!1s0x70e06d8141ace5b:0xc782c33ee72f3839!2m2!1d-38.6125724!2d-10.5835958!1m5!1m1!1s0x714378df10f9afb:0xb5f00f82796f4aa6!2m2!1d-38.9600273!2d-12.2535651!3e0?entry=ttu&g_ep=EgoyMDI1MTIwOS4wIKXMDSoKLDEwMDc5MjA2OUgBUAM%3D",,,
302,2 sedes - Feira de Santana e Catolandia ,FPIA,não,"364,64","470,2",48.601-070,PAULO AFONSO,FEIRA DE SANTANA,366; 367,"feira de santana, catolandia","0,5",,,,
303,2 sedes - Feira de Santana e Catolandia ,FPIA,não,"223,29","306,47",45.450-000,GANDU,FEIRA DE SANTANA,220; 229,"feira de santana, catolandia","0,5",,,,
304,2 sedes - Feira de Santana e Catolandia ,FPIA,não,"225,19","320,47",48.410-000,CÍCERO DANTAS,FEIRA DE SANTANA,215; 226,"feira de santana, catolandia","0,5",,,,
305,2 sedes - Feira de Santana e Catolandia ,FPIA,não,"311,73","417,83",48.540-000,JEREMOABO,FEIRA DE SANTANA,281; 312,"feira de santana, catolandia","0,5",,,,
306,2 sedes - Feira de Santana e Catolandia ,FPIA,não,"262,97","355,76",48.500-000,EUCLIDES DA CUNHA,FEIRA DE SANTANA,209; 250,"feira de santana, catolandia","0,5",,,,
307,2 sedes - Feira de Santana e Catolandia ,FPIA,não,"262,97","355,76",48.500-000,EUCLIDES DA CUNHA,FEIRA DE SANTANA,209; 250,"feira de santana, catolandia","0,5",,,,
308,2 sedes - Feira de Santana e Catolandia ,FPIA,não,"95,22","95,54",48.110-000,CATU,FEIRA DE SANTANA,97; 96,"feira de santana, catolandia","0,5",,,,
309,2 sedes - Feira de Santana e Catolandia ,FPIA,sim,0,"116,77",41.760-000,SALVADOR,SALVADOR,0,"feira de santana, catolandia",,,,,
310,2 sedes - Feira de Santana e Catolandia ,FPIA,não,"149,45","183,69",48.370-000,ESPLANADA,FEIRA DE SANTANA,151; 169,"feira de santana, catolandia","0,5",,,,
311,2 sedes - Feira de Santana e Catolandia ,FPIA,não,"657,95","777,25",45.836-000,ITAMARAJU,FEIRA DE SANTANA,664; 693,"feira de santana, catolandia","0,5",,,,
312,2 sedes - Feira de Santana e Catolandia ,FPIA,não,"722,72","806,6",45.992-000,TEIXEIRA DE FREITAS,FEIRA DE SANTANA,732; 733,"feira de santana, catolandia","0,5",,,,
313,2 sedes - Feira de Santana e Catolandia ,FPIA,não,"358,54","437,6",45.600-185,ITABUNA,FEIRA DE SANTANA,359; 360,"feira de santana, catolandia","0,5","https://www.google.com/maps/dir/Itabuna,+BA/Feira+de+Santana+-+BA/@-13.5168611,-40.4810828,8z/data=!4m14!4m13!1m5!1m1!1s0x739ab1ec404e2fb:0xc99a7293581f2b67!2m2!1d-39.2820788!2d-14.7924167!1m5!1m1!1s0x714378df10f9afb:0xb5f00f82796f4aa6!2m2!1d-38.9600273!2d-12.2535651!3e0?entry=ttu&g_ep=EgoyMDI1MTIwOS4wIKXMDSoKLDEwMDc5MjA2OUgBUAM%3D",,,
314,2 sedes - Feira de Santana e Catolandia ,FPIA,não,"364,64","470,2",48.601-195,PAULO AFONSO,FEIRA DE SANTANA,366; 364,"feira de santana, catolandia","0,5","https://www.google.com/maps/dir/Paulo+Afonso+-+BA,+48601-195/Feira+de+Santana+-+BA/@-10.8206907,-39.8206942,8z/data=!3m1!4b1!4m14!4m13!1m5!1m1!1s0x70930addf251181:0xe3cd4a5614a0f80d!2m2!1d-38.2274209!2d-9.3988862!1m5!1m1!1s0x714378df10f9afb:0xb5f00f82796f4aa6!2m2!1d-38.9600273!2d-12.2535651!3e0?entry=ttu&g_ep=EgoyMDI1MTIwOS4wIKXMDSoKLDEwMDc5MjA2OUgBUAM%3D",,,
315,2 sedes - Feira de Santana e Catolandia ,FPIA,não,"252,11","368,78",45.200-418,JEQUIÉ,FEIRA DE SANTANA,252; 252,"feira de santana, catolandia","0,5","https://www.google.com/maps/dir/Rua+Bertino+Passos+-+Centro,+Jequi%C3%A9+-+BA,+45200-418/Feira+de+Santana+-+BA/@-13.0498963,-40.7879282,8z/data=!4m14!4m13!1m5!1m1!1s0x740af683c2790fd:0x174187291981841f!2m2!1d-40.0846121!2d-13.8583921!1m5!1m1!1s0x714378df10f9afb:0xb5f00f82796f4aa6!2m2!1d-38.9600273!2d-12.2535651!3e0?entry=ttu&g_ep=EgoyMDI1MTIwOS4wIKXMDSoKLDEwMDc5MjA2OUgBUAM%3D",,,
316,2 sedes - Feira de Santana e Catolandia ,FPIA,não,"358,54","437,6",45.605-390,ITABUNA,FEIRA DE SANTANA,359; 363,"feira de santana, catolandia","0,5","https://www.google.com/maps/dir/Itabuna,+BA/Feira+de+Santana+-+BA/@-13.5168611,-40.4810828,8z/data=!4m14!4m13!1m5!1m1!1s0x739ab1ec404e2fb:0xc99a7293581f2b67!2m2!1d-39.2820788!2d-14.7924167!1m5!1m1!1s0x714378df10f9afb:0xb5f00f82796f4aa6!2m2!1d-38.9600273!2d-12.2535651!3e0?entry=ttu&g_ep=EgoyMDI1MTIwOS4wIKXMDSoKLDEwMDc5MjA2OUgBUAM%3D",,,
317,2 sedes - Feira de Santana e Catolandia ,FPIA,não,"371,39","455,52",45.653-330,ILHÉUS,FEIRA DE SANTANA,378;378,"feira de santana, catolandia","0,5","https://www.google.com/maps/dir/Ilh%C3%A9us,+BA/Feira+de+Santana+-+BA/@-13.5197166,-40.4810827,8z/data=!4m14!4m13!1m5!1m1!1s0x7390a3f7b1d2a77:0xfc575920401943ea!2m2!1d-39.0346984!2d-14.7981287!1m5!1m1!1s0x714378df10f9afb:0xb5f00f82796f4aa6!2m2!1d-38.9600273!2d-12.2535651!3e0?entry=ttu&g_ep=EgoyMDI1MTIwOS4wIKXMDSoKLDEwMDc5MjA2OUgBUAM%3D",,,
318,2 sedes - Feira de Santana e Catolandia ,FPIA,sim,0,"116,77",40.415-006,SALVADOR,SALVADOR,0,"feira de santana, catolandia",,,,,
319,2 sedes - Feira de Santana e Catolandia ,FPIA,não,"110,53","189,51",44.500-000,CASTRO ALVES,FEIRA DE SANTANA,97; 109,"feira de santana, catolandia","0,5",,,,
320,2 sedes - Feira de Santana e Catolandia ,FPIA,não,"364,64","470,2",48.609-020,PAULO AFONSO,FEIRA DE SANTANA,366; 357,"feira de santana, catolandia","0,5",,,,
321,2 sedes - Feira de Santana e Catolandia ,FPIA,não,"115,11","193,89",44.430-072,SANTO ANTÔNIO DE JESUS,FEIRA DE SANTANA,108; 107,"feira de santana, catolandia","0,5",,,,
322,2 sedes - Feira de Santana e Catolandia ,FPIA,não,"371,39","455,52",45.652-065,ILHÉUS,FEIRA DE SANTANA,378;377,"feira de santana, catolandia","0,5",,,,
323,2 sedes - Feira de Santana e Catolandia ,FPIA,não,"358,54","437,6",45.605-390,ITABUNA,FEIRA DE SANTANA,359; 363,"feira de santana, catolandia","0,5","https://www.google.com/maps/dir/Itabuna,+BA/Feira+de+Santana+-+BA/@-13.5168611,-40.4810828,8z/data=!4m14!4m13!1m5!1m1!1s0x739ab1ec404e2fb:0xc99a7293581f2b67!2m2!1d-39.2820788!2d-14.7924167!1m5!1m1!1s0x714378df10f9afb:0xb5f00f82796f4aa6!2m2!1d-38.9600273!2d-12.2535651!3e0?entry=ttu&g_ep=EgoyMDI1MTIwOS4wIKXMDSoKLDEwMDc5MjA2OUgBUAM%3D",,,
324,2 sedes - Feira de Santana e Catolandia ,FPIA,sim,"29,41","117,91",42.803-229,CAMAÇARI,SALVADOR,105; 104,"feira de santana, catolandia",,,,,
325,2 sedes - Feira de Santana e Catolandia ,FPIA,não,"115,11","193,89",44.430-076,SANTO ANTÔNIO DE JESUS,FEIRA DE SANTANA,108; 108,"feira de santana, catolandia","0,5",,,,
326,2 sedes - Feira de Santana e Catolandia ,FPIA,sim,0,"116,77",41.760-000,SALVADOR,SALVADOR,0,"feira de santana, catolandia",,,,,
327,2 sedes - Feira de Santana e Catolandia ,FPIA,não,"358,54","437,6",45.600-185,ITABUNA,FEIRA DE SANTANA,359; 360,"feira de santana, catolandia","0,5","https://www.google.com/maps/dir/Itabuna,+BA/Feira+de+Santana+-+BA/@-13.5168611,-40.4810828,8z/data=!4m14!4m13!1m5!1m1!1s0x739ab1ec404e2fb:0xc99a7293581f2b67!2m2!1d-39.2820788!2d-14.7924167!1m5!1m1!1s0x714378df10f9afb:0xb5f00f82796f4aa6!2m2!1d-38.9600273!2d-12.2535651!3e0?entry=ttu&g_ep=EgoyMDI1MTIwOS4wIKXMDSoKLDEwMDc5MjA2OUgBUAM%3D",,,
328,2 sedes - Feira de Santana e Catolandia ,FPIA,não,"371,39","455,52",45.652-130,ILHÉUS,FEIRA DE SANTANA,378; 376,"feira de santana, catolandia","0,5",,,,
329,2 sedes - Feira de Santana e Catolandia ,FPIA,não,"252,11","368,78",45.200-350,JEQUIÉ,FEIRA DE SANTANA,252; 253,"feira de santana, catolandia","0,5","https://www.google.com/maps/dir/Jequi%C3%A9,+BA/Feira+de+Santana+-+BA/@-13.0501895,-40.7879282,8z/data=!4m14!4m13!1m5!1m1!1s0x740af3f65676825:0x98b170b3cebd898b!2m2!1d-40.0837763!2d-13.8590592!1m5!1m1!1s0x714378df10f9afb:0xb5f00f82796f4aa6!2m2!1d-38.9600273!2d-12.2535651!3e0?entry=ttu&g_ep=EgoyMDI1MTIwOS4wIKXMDSoKLDEwMDc5MjA2OUgBUAM%3D",,,
330,2 sedes - Feira de Santana e Catolandia ,FPIA,não,"95,01","211,82",44.600-000,IPIRÁ,FEIRA DE SANTANA,96; 98,"feira de santana, catolandia","0,5",108,,,
331,2 sedes - Feira de Santana e Catolandia ,FPIA,não,"115,11","193,89",44.430-072,SANTO ANTÔNIO DE JESUS,FEIRA DE SANTANA,108; 107,"feira de santana, catolandia","0,5",,,,
332,2 sedes - Feira de Santana e Catolandia ,FPIA,não,"495,07","525,31",46.170-000,RIO DE CONTAS,FEIRA DE SANTANA,473; 477,"feira de santana, catolandia","0,5",,,,
333,2 sedes - Feira de Santana e Catolandia ,FPIA,sim,0,"116,77",40.301-385,SALVADOR,SALVADOR,0,"feira de santana, catolandia",,,,,
334,2 sedes - Feira de Santana e Catolandia ,FPIA,sim,0,"116,77",41.760-000,SALVADOR,SALVADOR,0,"feira de santana, catolandia",,,,,
335,2 sedes - Feira de Santana e Catolandia ,FPIA,sim,0,"757,55",47.810-047,BARREIRAS,CATOLANDIA,0,"feira de santana, catolandia",,,,,
336,2 sedes - Feira de Santana e Catolandia ,FPIA,sim,0,"116,77",41.940-360,SALVADOR,SALVADOR,0,"feira de santana, catolandia",,,,,
337,2 sedes - Feira de Santana e Catolandia ,FPIA,não,"358,54","437,6",45.600-325,ITABUNA,FEIRA DE SANTANA,359,"feira de santana, catolandia","0,5","https://www.google.com/maps/dir/Itabuna,+BA/Feira+de+Santana+-+BA/@-13.5168611,-40.4810828,8z/data=!4m14!4m13!1m5!1m1!1s0x739ab1ec404e2fb:0xc99a7293581f2b67!2m2!1d-39.2820788!2d-14.7924167!1m5!1m1!1s0x714378df10f9afb:0xb5f00f82796f4aa6!2m2!1d-38.9600273!2d-12.2535651!3e0?entry=ttu&g_ep=EgoyMDI1MTIwOS4wIKXMDSoKLDEwMDc5MjA2OUgBUAM%3D",,,
338,2 sedes - Feira de Santana e Catolandia ,FPIA,não,"252,11","368,78",45.200-418,JEQUIÉ,FEIRA DE SANTANA,252; 252,"feira de santana, catolandia","0,5","https://www.google.com/maps/dir/Rua+Bertino+Passos+-+Centro,+Jequi%C3%A9+-+BA,+45200-418/Feira+de+Santana+-+BA/@-13.0498963,-40.7879282,8z/data=!4m14!4m13!1m5!1m1!1s0x740af683c2790fd:0x174187291981841f!2m2!1d-40.0846121!2d-13.8583921!1m5!1m1!1s0x714378df10f9afb:0xb5f00f82796f4aa6!2m2!1d-38.9600273!2d-12.2535651!3e0?entry=ttu&g_ep=EgoyMDI1MTIwOS4wIKXMDSoKLDEwMDc5MjA2OUgBUAM%3D",,,
339,2 sedes - Feira de Santana e Catolandia ,FPIA,sim,0,"116,77",40.454-260,SALVADOR,SALVADOR,0,"feira de santana, catolandia",,,,,
340,2 sedes - Feira de Santana e Catolandia ,FPIA,não,"79,37","123,25",48.030-030,ALAGOINHAS,FEIRA DE SANTANA,79; 79,"feira de santana, catolandia","0,5","https://www.google.com/maps/dir/Alagoinhas+Velha,+Alagoinhas+-+BA,+48030-030/Feira+de+Santana+-+BA/@-12.2476181,-39.0099829,10z/data=!3m1!4b1!4m14!4m13!1m5!1m1!1s0x716bc1d264dff2d:0xc2aaac618e4db7f0!2m2!1d-38.4097167!2d-12.1388615!1m5!1m1!1s0x714378df10f9afb:0xb5f00f82796f4aa6!2m2!1d-38.9600273!2d-12.2535651!3e0?entry=ttu&g_ep=EgoyMDI1MTIwOS4wIKXMDSoKLDEwMDc5MjA2OUgBUAM%3D",,,
341,2 sedes - Feira de Santana e Catolandia ,FPIA,não,"223,57","342,59",44.700-000,JACOBINA,FEIRA DE SANTANA,224; 228,"feira de santana, catolandia","0,5",,,,
342,2 sedes - Feira de Santana e Catolandia ,FPIA,não,"282,84","361,77",45.570-000,IPIAÚ,FEIRA DE SANTANA,284; 269,"feira de santana, catolandia","0,5",,,,
343,2 sedes - Feira de Santana e Catolandia ,FPIA,não,"115,11","193,89",44.430-076,SANTO ANTÔNIO DE JESUS,FEIRA DE SANTANA,108; 108,"feira de santana, catolandia","0,5",,,,
344,2 sedes - Feira de Santana e Catolandia ,FPIA,sim,0,"116,77",41.760-000,SALVADOR,FEIRA DE SANTANA,0,"feira de santana, catolandia","0,5",,,,
345,2 sedes - Feira de Santana e Catolandia ,FPIA,não,"236,97","344,37",46.850-000,BOA VISTA DO TUPIM,FEIRA DE SANTANA,211; 228,"feira de santana, catolandia","0,5",,,,
346,2 sedes - Feira de Santana e Catolandia ,FPIA,sim,0,"117,12",44.022-074,FEIRA DE SANTANA,FEIRA DE SANTANA,0,"feira de santana, catolandia","0,5",,,,
347,2 sedes - Feira de Santana e Catolandia ,FPIA,não,"115,11","193,89",44.572-060,SANTO ANTÔNIO DE JESUS,FEIRA DE SANTANA,108; 107,"feira de santana, catolandia","0,5",,,,
348,2 sedes - Feira de Santana e Catolandia ,FPIA,sim,0,"116,77",41.706-840,SALVADOR,SALVADOR,0,"feira de santana, catolandia",,,,,
349,2 sedes - Feira de Santana e Catolandia ,FPM,não,"364,3 (empate)","478,09",44.900-000,Irecê,Feira de Santana,363; 162,"Feira de Santana, Salvador, Catolândia","0,5",,,,
350,2 sedes - Feira de Santana e Catolandia ,FPM,não," 218,70 (empate)","320,61",48.860-000,Queimadas,Feira de Santana,198; 203,"Feira de Santana, Salvador, Catolândia","0,5",,,,
351,2 sedes - Feira de Santana e Catolandia ,FPM,não,"128,84 (empate 3 emp)","197,1",45.400-000,Valença,SALVADOR,123; 141,"Feira de Santana, Salvador, Catolândia",,,,,
352,2 sedes - Feira de Santana e Catolandia ,FPM,não,"138,84 (empate)","260,83",48.890-000,Valente,Feira de Santana,138; 144,"Feira de Santana, Salvador, Catolândia","0,5",,,,
353,2 sedes - Feira de Santana e Catolandia ,FPM,não,"127,10 (empate)","243,6",48.750-000,Retirolândia,Feira de Santana,126; 124,"Feira de Santana, Salvador, Catolândia","0,5",,,,
354,2 sedes - Feira de Santana e Catolandia ,FPM,não,"156,32 (empate)","274,98",48.880-000,Santaluz,Feira de Santana,157; 164,"Feira de Santana, Salvador, Catolândia","0,5",,,,
355,2 sedes - Feira de Santana e Catolandia ,FPM,não,"156,32 (empate)","274,98",48.880-000,Santaluz,Feira de Santana,157; 165,"Feira de Santana, Salvador, Catolândia","0,5",,,,
356,2 sedes - Feira de Santana e Catolandia ,FPM,não,"218,70 (empate)","320,61",48.860-000,Queimadas,Feira de Santana,198; 203,"Feira de Santana, Salvador, Catolândia","0,5",,,,
357,2 sedes - Feira de Santana e Catolandia ,FPM,sim,"21,71  (empate)","116,4",44.330-000,São Gonçalo dos Campos,Feira de Santana,"21,8; 22,3","Feira de Santana, Salvador, Catolândia","0,5",,,,
358,2 sedes - Feira de Santana e Catolandia ,FPIA,não,"155,93 (empate)","670,8",45.300-000,Amargosa,Feira de Santana,156; 160,"Feira de Santana, Catolândia","0,5",,,,
359,2 sedes - Feira de Santana e Catolandia ,FPIA,não," 222,65 (empate)","813,05",45.450-000,Gandu,Feira de Santana,214; 223,"Feira de Santana, Catolândia","0,5",,,,
360,2 sedes - Feira de Santana e Catolandia ,FPIA,não," 91,94 (empate)","729,98",44.550-000,São Felipe,Feira de Santana,"101; 91,8","Feira de Santana, Catolândia","0,5",,,,
361,2 sedes - Feira de Santana e Catolandia ,FPIA,não,"116,77","841,61",41.830-355,SALVADOR,Feira de Santana,116; 116,"Feira de Santana, Catolândia","0,5",,,,
362,2 sedes - Feira de Santana e Catolandia ,FPIA,não," 68,22 (empate)","723,21",44.380-000,Cruz das Almas,Feira de Santana,"68,1; 71,8","Feira de Santana, Catolândia","0,5",,,,
363,2 sedes - Feira de Santana e Catolandia ,FPIA,não," 186,23 (empate)","723,08",45.310-000,Ubaíra,Feira de Santana,186; 194,"Feira de Santana, Catolândia","0,5",,,,
364,2 sedes - Feira de Santana e Catolandia ,FPIA,não,"116,77","841,61",41.760-000,SALVADOR,Feira de Santana,116; 117,"Feira de Santana, Catolândia ","0,5",,,,
365,2 sedes - Feira de Santana e Catolandia ,FPIA,não,"116,77","841,61",41.830-355,SALVADOR,Feira de Santana,116; 117,"Feira de Santana, Catolândia ","0,5",,,,
366,1 Sede - Feira de Santana,FPP,não,"112,6","191,97",45.345-000,JAGUAQUARA,Gandu,103; 89,"Governador Mangabeira, Alagoinhas, Lauro de Freitas, Salvador, Gandu",,,,,
367,1 Sede - Feira de Santana,FPP,não,"334,48","346,97",46.820-000,Bonito ,Governador Mangabeira,318; 332,"Governador Mangabeira, Alagoinhas, Lauro de Freitas, Salvador, Gandu",,,,,
368,1 Sede - Feira de Santana,FPP,não,"364,3",377,44.900-000,Irecê,Feira de Santana,363; 361,"Governador Mangabeira, Alagoinhas, Lauro de Freitas, Salvador, Gandu",1,,,,
369,1 Sede - Feira de Santana,FPP,sim,"25,60 (empate)",0,42.712-740,LAURO DE FREITAS,SALVADOR,27; 27,"Governador Mangabeira, Alagoinhas, Lauro de Freitas, Salvador, Gandu",,,,,
370,1 Sede - Feira de Santana,FPP,não,"363,92","364,37",46.980-000,Iraquara,Governador Mangabeira,349; 332,"Governador Mangabeira, Alagoinhas, Lauro de Freitas, Salvador, Gandu",,,,,
371,1 Sede - Feira de Santana,FPP,não,"348,62",511,45.820-350,Eunápolis,Gandu,352; 352,"Governador Mangabeira, Alagoinhas, Lauro de Freitas, Salvador, Gandu",,,,,
372,1 Sede - Feira de Santana,FPP,não,"243,36","297,26",44.775-000,Filadelfia ,Feira de Santana,237; 245,"Governador Mangabeira, Alagoinhas, Lauro de Freitas, Salvador, Gandu",1,,,,
373,1 Sede - Feira de Santana,FPP,não,"261,85","315,53",48.850-000,Itiuba,Feira de Santana,266; 263,"Governador Mangabeira, Alagoinhas, Lauro de Freitas, Salvador, Gandu",1,,,,
374,1 Sede - Feira de Santana,FPP,não,"270,94",392,45.000-375,Vitoria da Conquista,Gandu,258; 258,"Governador Mangabeira, Alagoinhas, Lauro de Freitas, Salvador, Gandu",,,,,
375,1 Sede - Feira de Santana,FPP,sim,0 (empate),41.760-000,41.760-000,SALVADOR,SALVADOR,0,"Governador Mangabeira, Alagoinhas, Lauro de Freitas, Salvador, Gandu",,,,,
376,1 Sede - Feira de Santana,FPP,não,"348,62",510,45.820-331,Eunapolis,Gandu,352; 352,"Governador Mangabeira, Alagoinhas, Lauro de Freitas, Salvador, Gandu",,,,,
377,1 Sede - Feira de Santana,FPP,não,"106,06",243,45.200-418,Jequié,Feira de Santana,252; 252,"Governador Mangabeira, Alagoinhas, Lauro de Freitas, Salvador, Gandu",1,,,,
378,1 Sede - Feira de Santana,FPP,não,"432,41",482,46.170-000,Rio de contas ,Gandu,420; 430,"Governador Mangabeira, Alagoinhas, Lauro de Freitas, Salvador, Gandu",,,,,
379,1 Sede - Feira de Santana,FPP,sim,"25,60 (empate 3 empresas)",0,42.712-740,LAURO DE FREITAS,SALVADOR,27; 27,"Governador Mangabeira, Alagoinhas, Lauro de Freitas, Salvador, Gandu",,,,,
380,1 Sede - Feira de Santana,FPP,sim,0,"25,6",42.712-740,LAURO DE FREITAS,LAURO DE FREITAS,0,"Governador Mangabeira, Alagoinhas, Lauro de Freitas, Salvador, Gandu",,,,,
381,1 Sede - Feira de Santana,FPP,não,"846,76","896,21",47.850-007,Luis Eduardo Magalhaes,Governador Mangabeira,846; cep não retornou,"Governador Mangabeira, Alagoinhas, Lauro de Freitas, Salvador, Gandu",1,,,,
382,1 Sede - Feira de Santana,FPP,não,"127,1","176,65",48.750-000,Retirolândia,Feira de Santana,126; 124,"Governador Mangabeira, Alagoinhas, Lauro de Freitas, Salvador, Gandu",1,,,,
383,1 Sede - Feira de Santana,FPP,não,"72,93","124,09",48.725-000,Ichu,Feira de Santana,71; 72,"Governador Mangabeira, Alagoinhas, Lauro de Freitas, Salvador, Gandu",1,,,,
,,,,,,,,,,,,,,,
,,,,,,,,,,,,,,,
,,,,,,,,,,,,,,,
,,,,,,,,,,,,,,,
,,,,,,,,,,,,,,,
,,,,,,,,,,,,,,,
,,,,,,,,,,,,,,,
,,,,,,,,,,,,,,,
,,,,,,,,,,,,,,,
,,,,,,,,,,,,,,,
,,,,,,,,,,,,,,,
,,,,,,,,,,,,,,,
,,,,,,,,,,,,,,,
,,,,,,,,,,,,,,,
,,,,,,,,,,,,,,,
,,,,,,,,,,,,,,,
,,,,,,,,,,,,,,,
,,,,,,,,,,,,,,,
,,,,,,,,,,,,,,,
,,,,,,,,,,,,,,,
,,,,,,,,,,,,,,,
,,,,,,,,,,,,,,,
,,,,,,,,,,,,,,,
,,,,,,,,,,,,,,,
,,,,,,,,,,,,,,,
,,,,,,,,,,,,,,,
,,,,,,,,,,,,,,,
,,,,,,,,,,,,,,,
,,,,,,,,,,,,,,,
,,,,,,,,,,,,,,,
,,,,,,,,,,,,,,,
,,,,,,,,,,,,,,,
,,,,,,,,,,,,,,,
,,,,,,,,,,,,,,,
,,,,,,,,,,,,,,,
,,,,,,,,,,,,,,,
,,,,,,,,,,,,,,,
,,,,,,,,,,,,,,,
,,,,,,,,,,,,,,,
,,,,,,,,,,,,,,,
,,,,,,,,,,,,,,,
,,,,,,,,,,,,,,,
,,,,,,,,,,,,,,,
,,,,,,,,,,,,,,,
,,,,,,,,,,,,,,,
,,,,,,,,,,,,,,,
,,,,,,,,,,,,,,,
,,,,,,,,,,,,,,,
,,,,,,,,,,,,,,,
,,,,,,,,,,,,,,,
,,,,,,,,,,,,,,,
,,,,,,,,,,,,,,,
,,,,,,,,,,,,,,,
,,,,,,,,,,,,,,,
,,,,,,,,,,,,,,,
,,,,,,,,,,,,,,,
,,,,,,,,,,,,,,,
,,,,,,,,,,,,,,,
,,,,,,,,,,,,,,,
,,,,,,,,,,,,,,,
,,,,,,,,,,,,,,,
,,,,,,,,,,,,,,,
,,,,,,,,,,,,,,,
,,,,,,,,,,,,,,,
,,,,,,,,,,,,,,,
,,,,,,,,,,,,,,,
,,,,,,,,,,,,,,,
,,,,,,,,,,,,,,,
,,,,,,,,,,,,,,,
,,,,,,,,,,,,,,,
,,,,,,,,,,,,,,,
,,,,,,,,,,,,,,,
,,,,,,,,,,,,,,,
,,,contrato ,,,,,,,,,,,,
,,,35,cidade da contratacao ,Anguera,,,,,,,,,,
,,,,cidade das concorrentes + proxima ,,Feira de Santana,,,,,,,,,
,,,,tem concorrentes na mesma cidade para a cidade mais proxima neste produto?,,,,sim ,,,,,,,
,,,,distancia da cidade da contratacao para cidade da concorrente + proxima (incluindo a candidata) é menor que 49? ,,,,,,sim,,,,,
,,,,,,,,,,,,,,,
,,,,Como pontuam as opcoes abaixo: ,,,,,,,,,,,
,,,,"feira de santana: 0,5 ",,porque? por estar a menos de 49 km e ter concorrente tb a menos de 49 km ou na mesma cidade,,,,,,,,,
,,,,Qualquer cidade ha 49 km da cidade da contratação:,,,"0,5",,,,,,,,
,,,,qualquer cidade ha mais de 49 km da cidade da contratacao: ,,,0,,,,,,,,
,,,,,,,,,,,,,,,
,,,,,,,,,,,,,,,
,,,,,,,,,,,,,,,
,,,ex 2,distancia da cidade da contratacao para cidade da concorrente + proxima (incluindo a candidata) é menor que 49? ,,,,,,NAO ,,,,,
,,,33,tem concorrentes na mesma cidade para a cidade mais proxima neste produto?,,,,SIM ,,,,,,,
,,,,cidade da contratacao ,pindobacu,,,,,,,,,,
,,,,cidade das concorrentes + proxima ,,feira de santana ,,,,,,,,,
,,,,,,,,,,,,,,,
,,,,Como pontuam as opcoes abaixo: ,,,,,,,,,,,
,,,,"feira de santana: 0,5 ",,"porque? por ter cidade concorrente na mesma cidade. criterio de 49km nao tem nenhuma relevancia, por nao se aplicar;",,,,,,,,,
,,,,Qualquer cidade ha 49 km da cidade da contratação:,,,1,,"(isso pensando em cidade candidata, ja que atualmente nao há) ",,,,,,
,,,,"a cidade mais proxima está há 264 km, se uma cidade candidata estiver há menos de 263 já tem peso 1 ",,,,,,,,,,,